tipo_credito,fecha_prestamo,capital_prestado,plazo_meses,edad_cliente,tipo_laboral,salario_cliente,total_otros_prestamos,cuota_pactada,puntaje,puntaje_datacredito,cant_creditosvigentes,huella_consulta,saldo_mora,saldo_total,saldo_principal,saldo_mora_codeudor,creditos_sectorFinanciero,creditos_sectorCooperativo,creditos_sectorReal,promedio_ingresos_datacredito,tendencia_ingresos,prediccion,timestamp
9,20/04/2025 18:56,2665532,9,56,Empleado,3000000,1000000,249534,95.227787,893.0,1,2,0.0,0.0,0.0,0.0,1,0,0,3003081.0,Creciente,1,2026-09-16T00:42:16.713124+00:00
9,7/04/2025 12:39,2665297,11,31,Empleado,3600000,2000000,207722,91.99794,691.0,7,10,0.0,53698.0,53698.0,0.0,0,0,7,917304.0,Creciente,0,2026-09-16T00:42:16.713124+00:00
4,30/11/2024 18:42,4584000,12,31,Empleado,4200000,1600000,359691,95.227787,754.0,4,8,0.0,8594.0,2470.0,0.0,2,1,0,1131219.0,Creciente,0,2026-09-16T00:42:16.713124+00:00
4,19/12/2024 14:52,1691520,12,53,Empleado,3800000,2000000,132728,95.227787,837.0,10,5,0.0,54984.0,54984.0,0.0,5,2,1,4606840.0,Decreciente,1,2026-09-16T00:42:16.713124+00:00
4,9/06/2025 15:23,894540,6,31,Independiente,1800000,1000000,133045,95.227787,759.0,2,2,0.0,322.0,322.0,0.0,0,0,2,,,1,2026-09-16T00:42:16.713124+00:00
9,26/07/2025 18:03,3665420,10,27,Empleado,3000000,1500000,312845,95.227787,829.0,1,2,0.0,3952.0,3952.0,0.0,1,0,0,2884465.0,Creciente,1,2026-09-16T00:42:16.713124+00:00
4,3/04/2025 16:18,3038880,12,37,Empleado,4200000,1000000,238748,95.227787,776.0,2,4,0.0,30000.0,30000.0,0.0,2,0,0,3878988.0,Creciente,1,2026-09-16T00:42:16.713124+00:00
9,23/05/2025 18:33,4144355,10,34,Independiente,4000000,1000000,352797,95.227787,769.0,8,12,0.0,82356.0,82356.0,0.0,6,1,0,469405.0,Creciente,0,2026-09-16T00:42:16.713124+00:00
4,13/02/2025 14:51,5079360,6,24,Empleado,2800000,500000,753908,95.227787,775.0,3,10,0.0,5274.0,5274.0,0.0,0,1,2,1773085.0,Creciente,0,2026-09-16T00:42:16.713124+00:00
4,8/05/2025 14:02,1728000,24,44,Empleado,4000000,2000000,77847,95.227787,751.0,10,4,0.0,32922.0,32922.0,0.0,8,0,1,,,1,2026-09-16T00:42:16.713124+00:00
4,26/08/2025 18:09,1140000,12,54,Empleado,2950000,400000,91757,95.227787,803.0,1,4,0.0,417.0,417.0,0.0,0,0,1,1000000.0,Creciente,1,2026-09-16T00:42:16.713124+00:00
9,27/11/2025 17:59,9713983,10,41,Independiente,21950000,31257000,856655,95.227787,825.0,22,12,0.0,425757.0,412924.0,0.0,11,0,9,1325000.0,Creciente,0,2026-09-16T00:42:16.713124+00:00
4,29/11/2024 15:07,1428000,10,46,Independiente,4500000,1200000,132048,95.227787,762.0,2,0,0.0,15654.0,15654.0,0.0,0,1,0,,,1,2026-09-16T00:42:16.713124+00:00
9,1/01/2025 14:32,878880,8,61,Independiente,5000000,2000000,91506,95.227787,766,6,1,0,1991,1991,,0,0,5,,,1,2026-09-16T00:42:16.713124+00:00
4,21/04/2025 9:11,1428000,6,49,Empleado,3000000,950000,212290,95.227787,777.0,5,7,0.0,932.0,932.0,0.0,1,0,0,469405.0,Estable,0,2026-09-16T00:42:16.713124+00:00
4,14/10/2025 13:42,3182400,6,49,Independiente,2870000,304000,482298,95.227787,772.0,2,2,0.0,7730.0,7730.0,0.0,1,0,0,,,1,2026-09-16T00:42:16.713124+00:00
4,7/04/2025 17:04,2080680,6,56,Empleado,5800000,2500000,309319,89.2295,849.0,8,9,0.0,64167.0,64167.0,0.0,5,1,1,6223527.0,Creciente,1,2026-09-16T00:42:16.713124+00:00
9,2/02/2025 12:54,1604014,10,68,Empleado,1900000,1200000,136045,95.227787,809.0,2,5,0.0,5942.0,5942.0,0.0,1,0,0,916148.0,Creciente,1,2026-09-16T00:42:16.713124+00:00
4,15/01/2025 15:39,2591760,12,33,Empleado,3000000,1000000,179983,95.227787,833.0,1,3,0.0,1134.0,1134.0,0.0,1,0,0,1780000.0,Estable,1,2026-09-16T00:42:16.713124+00:00
4,21/07/2025 16:26,2400000,20,31,Empleado,2500000,600000,121740,95.227787,743.0,7,7,0.0,38468.0,38468.0,0.0,3,1,1,2550751.0,Creciente,1,2026-09-16T00:42:16.713124+00:00
4,23/04/2025 11:27,4704000,36,49,Independiente,6000000,2000000,153299,95.227787,793.0,7,8,0.0,165239.0,135578.0,0.0,4,0,0,931550.0,Creciente,0,2026-09-16T00:42:16.713124+00:00
4,28/01/2025 19:01,2304000,6,31,Independiente,6500000,2300000,342191,95.227787,775.0,1,3,0.0,7964.0,7964.0,0.0,1,0,0,916148.0,Creciente,0,2026-09-16T00:42:16.713124+00:00
9,9/02/2025 19:00,1950362,11,30,Empleado,6000000,1800000,151743,95.227787,772.0,4,5,0.0,14698.0,14698.0,0.0,1,0,3,4266666.0,Creciente,0,2026-09-16T00:42:16.713124+00:00
9,19/12/2024 11:00,1887317,10,42,Empleado,2800000,1000000,160073,95.227787,813.0,8,4,0.0,45682.0,25767.0,0.0,4,2,0,2568182.0,Decreciente,1,2026-09-16T00:42:16.713124+00:00
4,16/10/2025 10:06,624000,6,36,Independiente,3697000,1933000,95044,95.227787,807.0,6,3,0.0,70723.0,70723.0,0.0,1,2,2,984754.0,Creciente,1,2026-09-16T00:42:16.713124+00:00
4,1/02/2025 8:27,6135997,36,55,Empleado,3400000,1200000,199967,22.873995,831.0,8,4,0.0,13396.0,13396.0,0.0,3,0,1,1724375.0,Decreciente,0,2026-09-16T00:42:16.713124+00:00
9,23/02/2025 15:40,670200,5,28,Independiente,5000000,2000000,108695,95.227787,831.0,7,2,0.0,365231.0,137377.0,0.0,6,0,1,810943.0,Creciente,0,2026-09-16T00:42:16.713124+00:00
4,12/02/2025 17:27,4940880,6,61,Independiente,60000000,30000000,733822,95.227787,875.0,16,10,0.0,135318.0,135318.0,0.0,9,1,1,1800710.0,Creciente,1,2026-09-16T00:42:16.713124+00:00
4,18/06/2025 16:07,2803200,6,27,Independiente,8000000,3000000,416919,95.227787,752.0,4,21,0.0,17363.0,17363.0,0.0,2,0,1,931394.0,Creciente,0,2026-09-16T00:42:16.713124+00:00
4,22/01/2025 16:03,909480,6,36,Empleado,3200000,1500000,126317,95.227787,843.0,5,2,0.0,70195.0,64036.0,0.0,3,0,1,2714391.0,Creciente,1,2026-09-16T00:42:16.713124+00:00
4,21/12/2024 13:35,3342840,12,31,Empleado,2000000,450000,262301,95.227787,795.0,2,7,0.0,5105.0,5105.0,0.0,0,1,1,651857.0,Creciente,0,2026-09-16T00:42:16.713124+00:00
4,28/11/2024 18:20,2130240,12,38,Independiente,6000000,170000,166805,95.227787,758.0,5,4,0.0,1767.0,1767.0,0.0,2,0,1,,,0,2026-09-16T00:42:16.713124+00:00
9,28/03/2025 15:15,2379607,11,51,Independiente,3400000,1200000,185457,92.228643,890.0,9,3,0.0,130807.0,130807.0,0.0,7,0,2,,,1,2026-09-16T00:42:16.713124+00:00
4,3/12/2024 10:41,3450000,12,33,Independiente,3000000,2000000,269808,95.227787,769.0,5,11,0.0,9506.0,9506.0,0.0,3,0,0,792895.0,Estable,0,2026-09-16T00:42:16.713124+00:00
10,30/03/2025 16:19,593280,8,30,Empleado,1500000,400000,67432,95.227787,805.0,2,6,0.0,24675.0,24675.0,0.0,2,0,0,1705444.0,Creciente,1,2026-09-16T00:42:16.713124+00:00
4,24/06/2025 15:15,2987569,6,41,Empleado,10000000,5000000,444315,95.227787,763.0,21,6,0.0,394956.0,394956.0,0.0,17,0,2,950105.0,Creciente,1,2026-09-16T00:42:16.713124+00:00
4,12/08/2025 16:33,8433600,6,35,Independiente,1000000,3125000,1269540,95.227787,780.0,5,8,0.0,117867.0,117867.0,0.0,1,1,0,908526.0,Creciente,0,2026-09-16T00:42:16.713124+00:00
4,10/01/2025 16:10,3837300,18,40,Independiente,5500000,2000000,211426,95.227787,698.0,11,7,0.0,32297.0,32297.0,0.0,5,1,2,3121600.0,Creciente,0,2026-09-16T00:42:16.713124+00:00
4,19/02/2026 13:18,2618568,8,58,Empleado,3746000,113000,313229,95.227787,774.0,5,4,0.0,895.0,895.0,0.0,3,0,2,1160000.0,Estable,1,2026-09-16T00:42:16.713124+00:00
9,25/07/2025 17:20,1412464,9,31,Empleado,2500000,1500000,132671,95.227787,736.0,9,2,0.0,12000.0,0.0,0.0,4,0,4,3892524.0,Decreciente,1,2026-09-16T00:42:16.713124+00:00
4,24/02/2025 18:09,3864000,8,57,Independiente,7000000,3500000,438615,95.227787,769.0,9,5,0.0,16483.0,16483.0,0.0,4,0,3,1402083.0,Creciente,0,2026-09-16T00:42:16.713124+00:00
4,27/03/2025 11:00,2488320,6,46,Independiente,5000000,3000000,369835,95.227787,865.0,6,2,0.0,35687.0,35687.0,0.0,5,0,0,3172000.0,Creciente,1,2026-09-16T00:42:16.713124+00:00
4,15/05/2025 16:25,3584147,36,31,Empleado,1150000,200000,116804,47.613894,774.0,2,3,0.0,602.0,602.0,0.0,0,1,0,1133398.0,Creciente,0,2026-09-16T00:42:16.713124+00:00
4,24/04/2025 16:58,964800,6,63,Independiente,4000000,1200000,144012,95.227787,747.0,7,8,0.0,35901.0,29040.0,0.0,2,2,1,,,0,2026-09-16T00:42:16.713124+00:00
4,20/03/2025 8:51,1548000,6,29,Empleado,2500000,2500000,230077,95.227787,698.0,5,6,0.0,1099.0,1099.0,0.0,0,1,2,844415.0,Decreciente,0,2026-09-16T00:42:16.713124+00:00
4,1/09/2025 14:47,8640000,24,58,Independiente,3470000,1374000,400341,95.227787,784.0,5,7,0.0,30997.0,30997.0,0.0,3,0,0,7107518.0,Creciente,1,2026-09-16T00:42:16.713124+00:00
4,2/02/2025 16:31,2247840,12,40,Empleado,2000000,700000,176380,92.228643,797.0,6,5,0.0,4656.0,4656.0,0.0,4,0,0,916841.0,Creciente,1,2026-09-16T00:42:16.713124+00:00
9,14/07/2025 11:31,3688895,6,122,Empleado,20449676,4889209,503536,-17.884727,0.0,0,0,,,,,0,0,0,,,0,2026-09-16T00:42:16.713124+00:00
9,24/05/2025 15:15,5186496,9,40,Empleado,12000000,3000000,485998,95.227787,847.0,9,4,0.0,78629.0,78629.0,0.0,7,0,0,941789.0,Creciente,1,2026-09-16T00:42:16.713124+00:00
4,23/12/2025 16:01,3369360,24,47,Empleado,6878000,2269000,161928,95.227787,893.0,4,3,0.0,52758.0,52758.0,0.0,2,0,1,1436000.0,Creciente,1,2026-09-16T00:42:16.713124+00:00
4,21/04/2025 11:46,1063916,6,46,Independiente,6000000,0,158120,95.227787,768.0,1,6,0.0,554.0,554.0,0.0,0,0,1,917673.0,Creciente,0,2026-09-16T00:42:16.713124+00:00
9,13/04/2025 16:17,1559587,9,42,Empleado,1000000,500000,145861,95.227787,814.0,10,4,0.0,53651.0,43458.0,0.0,4,3,1,1165368.0,Creciente,1,2026-09-16T00:42:16.713124+00:00
4,20/03/2025 15:09,3859793,6,31,Independiente,6000000,1800000,573646,95.227787,837.0,5,3,0.0,84426.0,84426.0,0.0,3,0,0,7519139.0,Creciente,1,2026-09-16T00:42:16.713124+00:00
4,19/01/2025 10:25,639708,6,61,Independiente,3800000,400000,94946,95.227787,882.0,4,2,0.0,24248.0,1983.0,0.0,1,1,1,,,1,2026-09-16T00:42:16.713124+00:00
4,10/01/2026 17:14,1308000,24,31,Empleado,1693000,50000,63670,95.227787,764.0,1,4,0.0,100.0,100.0,0.0,0,0,1,1000000.0,Estable,0,2026-09-16T00:42:16.713124+00:00
4,28/03/2025 17:43,1234200,8,24,Empleado,2200000,800000,140106,95.227787,743.0,5,3,0.0,31183.0,22934.0,0.0,0,2,1,2051363.0,Creciente,1,2026-09-16T00:42:16.713124+00:00
4,11/11/2025 14:41,490042,6,24,Empleado,1860000,381000,75009,95.227787,753.0,2,1,0.0,6157.0,6157.0,0.0,2,0,0,1081667.0,Decreciente,1,2026-09-16T00:42:16.713124+00:00
4,18/01/2025 8:07,2674560,12,42,Empleado,3500000,1000000,185733,95.227787,853.0,5,2,0.0,70940.0,70940.0,0.0,2,0,1,,,1,2026-09-16T00:42:16.713124+00:00
4,17/11/2025 13:23,2244660,6,28,Empleado,2890000,1522000,341325,95.227787,776.0,2,6,0.0,6000.0,6000.0,0.0,1,0,0,1433800.0,Creciente,0,2026-09-16T00:42:16.713124+00:00
4,18/12/2024 16:05,2976959,12,54,Empleado,6000000,2600000,233592,95.227787,861.0,16,6,0.0,166979.0,166979.0,0.0,10,0,1,7977074.0,Creciente,1,2026-09-16T00:42:16.713124+00:00
4,28/02/2025 9:41,5624245,36,36,Empleado,3200000,200000,182406,95.227787,784.0,11,3,0.0,56282.0,47845.0,0.0,6,1,0,1036879.0,Creciente,0,2026-09-16T00:42:16.713124+00:00
4,25/04/2025 12:08,2019600,6,67,Independiente,3000000,800000,299966,95.227787,865.0,6,3,0.0,3112.0,3112.0,0.0,3,0,1,1238358.0,Decreciente,1,2026-09-16T00:42:16.713124+00:00
4,18/01/2025 16:39,1655340,12,37,Empleado,1700000,300000,114954,95.227787,789.0,12,9,0.0,7779.0,7779.0,0.0,4,0,7,1182079.0,Creciente,0,2026-09-16T00:42:16.713124+00:00
4,24/04/2025 16:57,3111065,24,41,Empleado,2600000,100000,138629,95.227787,779.0,7,5,0.0,50130.0,23130.0,0.0,3,2,2,1198083.0,Creciente,0,2026-09-16T00:42:16.713124+00:00
4,4/12/2024 14:57,2160000,10,40,Independiente,2000000,800000,199737,95.227787,817.0,2,3,0.0,975.0,975.0,0.0,1,0,1,,,0,2026-09-16T00:42:16.713124+00:00
4,14/04/2025 16:39,2267880,12,61,Independiente,3000000,500000,178470,95.227787,781.0,2,2,0.0,4367.0,4367.0,0.0,1,0,1,939017.0,Creciente,0,2026-09-16T00:42:16.713124+00:00
4,29/08/2025 15:31,1996800,12,29,Empleado,3000000,730000,161726,95.227787,790.0,6,5,0.0,23879.0,23879.0,0.0,4,0,0,2262922.0,Creciente,1,2026-09-16T00:42:16.713124+00:00
9,8/03/2025 11:35,854994,10,32,Empleado,2200000,1000000,72593,95.227787,821.0,5,1,0.0,34038.0,34000.0,0.0,3,0,0,,,1,2026-09-16T00:42:16.713124+00:00
4,6/12/2024 11:20,2373600,6,39,Independiente,10000000,3000000,351901,95.227787,771.0,8,3,0.0,44079.0,44079.0,0.0,3,0,2,1200000.0,Estable,0,2026-09-16T00:42:16.713124+00:00
9,2/04/2025 14:44,2110321,10,51,Independiente,5000000,2500000,179270,95.227787,720.0,6,6,0.0,23764.0,23764.0,0.0,1,0,2,908526.0,Creciente,0,2026-09-16T00:42:16.713124+00:00
9,23/03/2025 13:04,878880,5,49,Independiente,4000000,2000000,142581,95.227787,750.0,11,3,0.0,87570.0,87570.0,0.0,5,1,4,777294.0,Creciente,1,2026-09-16T00:42:16.713124+00:00
9,27/03/2025 11:26,1604400,3,62,Independiente,4000000,2000000,425775,95.227787,835.0,5,2,0.0,19303.0,19303.0,0.0,4,0,0,925157.0,Creciente,1,2026-09-16T00:42:16.713124+00:00
4,7/09/2025 10:32,940800,12,38,Empleado,1940000,321000,76668,95.227787,784.0,1,3,0.0,345.0,345.0,0.0,1,0,0,1000000.0,Estable,1,2026-09-16T00:42:16.713124+00:00
4,26/12/2024 18:56,2502840,18,41,Empleado,3100000,2000000,138279,95.227787,772.0,5,7,0.0,6664.0,6664.0,0.0,3,0,1,825244.0,Creciente,0,2026-09-16T00:42:16.713124+00:00
9,14/12/2024 11:01,2027227,9,64,Empleado,2200000,1000000,189054,95.227787,805.0,3,3,0.0,40363.0,40363.0,0.0,3,0,0,2181057.0,Estable,1,2026-09-16T00:42:16.713124+00:00
9,29/06/2025 18:12,1398052,9,44,Independiente,3500000,900000,131066,95.227787,800.0,4,3,0.0,2720.0,2720.0,0.0,1,0,2,,,1,2026-09-16T00:42:16.713124+00:00
4,16/05/2025 12:22,600000,6,23,Independiente,1400000,650000,89419,44.963158,697.0,2,3,0.0,8037.0,8037.0,0.0,0,1,0,1379424.0,Creciente,1,2026-09-16T00:42:16.713124+00:00
4,27/02/2025 13:37,1412280,12,36,Empleado,1100000,350000,111093,95.227787,776.0,8,3,0.0,4597.0,4597.0,0.0,4,0,2,902469.0,Creciente,1,2026-09-16T00:42:16.713124+00:00
4,9/01/2025 15:10,1201081,6,25,Independiente,2500000,550000,166817,95.227787,786.0,2,5,0.0,31605.0,31605.0,0.0,0,0,2,908526.0,Estable,0,2026-09-16T00:42:16.713124+00:00
4,8/02/2025 14:54,960000,6,59,Independiente,3800000,800000,142586,95.227787,798.0,0,4,0.0,0.0,,,0,0,0,,,0,2026-09-16T00:42:16.713124+00:00
9,26/04/2025 11:44,4390122,5,122,Empleado,4435921,2060000,711589,89.979287,0.0,0,0,,,,,0,0,0,,,0,2026-09-16T00:42:16.713124+00:00
4,30/01/2025 15:52,4798680,12,41,Empleado,3800000,180000,377005,95.227787,715.0,7,8,0.0,2196.0,2196.0,0.0,1,0,2,2053335.0,Creciente,0,2026-09-16T00:42:16.713124+00:00
4,24/06/2025 17:39,4977703,36,37,Empleado,3600000,100000,170953,95.227787,733.0,2,5,0.0,12821.0,12821.0,0.0,1,0,0,759986.0,Creciente,0,2026-09-16T00:42:16.713124+00:00
9,6/04/2025 15:13,3895405,11,48,Empleado,4000000,1200000,303592,95.227787,709.0,7,4,0.0,9477.0,9477.0,0.0,3,0,2,466736.0,Creciente,0,2026-09-16T00:42:16.713124+00:00
9,2/11/2025 17:53,5009214,9,41,Empleado,4330000,2620000,482486,95.227787,861.0,11,6,0.0,108392.0,108392.0,0.0,7,0,1,3862682.0,Creciente,1,2026-09-16T00:42:16.713124+00:00
4,5/04/2025 10:51,1404000,6,30,Empleado,6000000,1500000,208722,-15.473246,700.0,12,9,0.0,132906.0,117889.0,0.0,4,2,3,10203931.0,Estable,1,2026-09-16T00:42:16.713124+00:00
9,1/03/2025 10:24,4610788,9,122,Empleado,10379558,1326623,431020,95.227787,0.0,0,0,,,,,0,0,0,,,0,2026-09-16T00:42:16.713124+00:00
4,7/01/2025 16:51,3011880,12,43,Empleado,2500000,900000,209158,72.686129,808.0,7,5,0.0,3491.0,3491.0,0.0,3,0,2,1792161.0,Decreciente,1,2026-09-16T00:42:16.713124+00:00
9,22/05/2025 11:05,878880,2,26,Independiente,5000000,2000000,346790,95.227787,694.0,4,7,0.0,2591.0,2591.0,0.0,2,0,1,2583814.0,Creciente,0,2026-09-16T00:42:16.713124+00:00
4,7/04/2025 8:58,7300000,12,32,Independiente,3000000,2000000,574469,95.227787,764.0,2,7,0.0,9085.0,9085.0,0.0,1,1,0,,,0,2026-09-16T00:42:16.713124+00:00
4,14/12/2024 16:52,3180752,36,52,Empleado,3200000,200000,102957,-4.727537,726.0,6,6,0.0,10035.0,10035.0,0.0,4,0,1,1013281.0,Decreciente,0,2026-09-16T00:42:16.713124+00:00
9,2/11/2025 16:41,2231669,9,34,Empleado,8370000,5187000,214954,95.227787,747.0,7,10,0.0,55852.0,55852.0,0.0,6,0,1,4547807.0,Creciente,0,2026-09-16T00:42:16.713124+00:00
4,13/03/2025 17:49,1767888,6,69,Independiente,4000000,210000,262580,95.227787,851.0,4,3,0.0,0.0,0.0,0.0,4,0,0,,,1,2026-09-16T00:42:16.713124+00:00
4,3/03/2026 11:01,2664000,12,37,Empleado,3178000,1004000,226379,95.227787,721.0,11,1,0.0,20521.0,20521.0,0.0,6,2,2,4272656.0,Decreciente,1,2026-09-16T00:42:16.713124+00:00
4,18/03/2025 18:05,617460,6,54,Independiente,8000000,3000000,91710,95.227787,747.0,6,7,0.0,4433.0,1916.0,0.0,0,0,6,,,0,2026-09-16T00:42:16.713124+00:00
4,6/09/2025 18:48,8496000,18,49,Independiente,5000000,2716000,484871,95.227787,812.0,5,1,0.0,155921.0,146940.0,0.0,1,2,1,,,1,2026-09-16T00:42:16.713124+00:00
4,25/12/2025 10:42,1132428,6,50,Empleado,2401000,0,174087,95.227787,818.0,0,0,0.0,0.0,,,0,0,0,958333.0,Creciente,1,2026-09-16T00:42:16.713124+00:00
9,17/04/2025 14:56,10414214,10,43,Independiente,10000000,4000000,885604,95.227787,816.0,1,8,0.0,70.0,70.0,0.0,0,0,0,,,0,2026-09-16T00:42:16.713124+00:00
4,30/05/2025 12:48,763200,12,46,Independiente,3000000,700000,61284,95.227787,712.0,11,8,0.0,15947.0,15947.0,0.0,6,0,3,1041014.0,Creciente,0,2026-09-16T00:42:16.713124+00:00
4,21/01/2025 12:33,941879,12,52,Empleado,1390000,400000,65408,95.227787,816.0,6,6,0.0,22971.0,22971.0,0.0,6,0,0,1277250.0,Creciente,1,2026-09-16T00:42:16.713124+00:00
9,21/06/2025 11:11,1207216,9,27,Independiente,2000000,1500000,113176,91.410695,718.0,10,18,0.0,12639.0,12639.0,0.0,3,0,2,2725500.0,Estable,0,2026-09-16T00:42:16.713124+00:00
4,28/01/2025 19:09,372960,6,50,Independiente,1800000,600000,55317,95.227787,813.0,7,5,0.0,3555.0,3555.0,0.0,5,0,0,908526.0,Estable,1,2026-09-16T00:42:16.713124+00:00
4,9/11/2025 9:04,3942000,36,48,Empleado,4510000,633000,146432,95.227787,849.0,6,4,0.0,15068.0,15068.0,0.0,6,0,0,1000000.0,Creciente,0,2026-09-16T00:42:16.713124+00:00
4,3/02/2025 15:03,1020428,6,45,Empleado,3500000,2500000,151802,95.227787,754.0,7,6,0.0,8431.0,8431.0,0.0,2,0,5,3363547.0,Creciente,0,2026-09-16T00:42:16.713124+00:00
4,9/12/2024 10:53,1031760,6,54,Empleado,1800000,600000,153140,95.227787,813.0,5,2,0.0,28840.0,20349.0,0.0,0,1,1,1934611.0,Creciente,1,2026-09-16T00:42:16.713124+00:00
4,27/04/2025 16:25,738000,12,60,Empleado,1100000,0,58861,95.227787,801.0,0,0,0.0,0.0,,,0,0,0,1155435.0,Creciente,1,2026-09-16T00:42:16.713124+00:00
4,12/08/2025 17:04,1183200,10,45,Empleado,2810000,600000,112367,95.227787,764.0,5,4,0.0,9783.0,9783.0,0.0,2,0,0,1979166.0,Creciente,1,2026-09-16T00:42:16.713124+00:00
4,10/08/2025 16:04,3014400,24,51,Independiente,1000000,4753000,138090,95.227787,865.0,5,4,0.0,7757.0,7757.0,0.0,1,0,0,992727.0,Creciente,1,2026-09-16T00:42:16.713124+00:00
4,19/04/2025 10:53,3531840,36,27,Empleado,2000000,150000,117303,7.636112,720.0,17,13,0.0,91369.0,57312.0,0.0,6,0,6,1689955.0,Creciente,0,2026-09-16T00:42:16.713124+00:00
4,3/11/2025 11:32,840000,6,56,Independiente,1990000,0,127944,95.227787,812.0,0,2,0.0,0.0,,,0,0,0,532317.0,Creciente,1,2026-09-16T00:42:16.713124+00:00
4,1/07/2025 12:48,4200000,6,59,Independiente,5000000,0,626951,95.227787,821.0,17,7,0.0,65114.0,6172.0,0.0,16,0,0,954263.0,Creciente,1,2026-09-16T00:42:16.713124+00:00
4,26/05/2025 16:04,1385567,6,46,Independiente,1300000,0,206818,95.227787,756.0,7,3,0.0,55654.0,22994.0,0.0,4,0,1,,,1,2026-09-16T00:42:16.713124+00:00
9,15/05/2025 10:46,1604400,3,50,Independiente,4000000,2000000,425941,95.227787,830.0,7,6,0.0,93449.0,44314.0,0.0,4,0,2,939017.0,Creciente,1,2026-09-16T00:42:16.713124+00:00
4,16/01/2025 18:32,1657200,8,46,Empleado,4800000,250000,187796,91.028987,813.0,5,4,0.0,176549.0,127158.0,0.0,1,1,1,,,1,2026-09-16T00:42:16.713124+00:00
10,22/12/2025 18:03,3115440,36,34,Empleado,2668000,279000,115083,95.227787,738.0,9,7,0.0,44021.0,44021.0,0.0,5,0,3,3111556.0,Creciente,0,2026-09-16T00:42:16.713124+00:00
4,25/03/2025 18:00,5775240,6,56,Empleado,8000000,2000000,858322,95.227787,785.0,23,4,0.0,166167.0,166167.0,0.0,22,0,0,14238429.0,Creciente,1,2026-09-16T00:42:16.713124+00:00
10,28/07/2025 15:12,10117380,36,26,Empleado,2000000,500000,341495,95.227787,683.0,6,3,0.0,14091.0,14091.0,0.0,1,1,1,2062149.0,Creciente,1,2026-09-16T00:42:16.713124+00:00
4,26/02/2025 16:01,2225640,6,28,Empleado,1500000,500000,330794,95.227787,841.0,2,7,0.0,1478.0,1478.0,0.0,1,0,0,1018181.0,Creciente,0,2026-09-16T00:42:16.713124+00:00
4,16/02/2025 10:15,3196612,12,48,Independiente,4500000,1000000,251867,95.227787,763.0,6,5,0.0,3582.0,3582.0,0.0,2,0,2,,,0,2026-09-16T00:42:16.713124+00:00
9,13/03/2025 10:24,3147706,10,42,Empleado,3500000,2000000,267254,95.227787,822.0,8,4,0.0,152851.0,152851.0,0.0,5,0,1,7090712.0,Decreciente,1,2026-09-16T00:42:16.713124+00:00
4,15/04/2025 15:11,2737800,12,37,Empleado,1900000,400000,217065,95.227787,822.0,3,4,0.0,2109.0,2109.0,0.0,1,0,1,1378464.0,Creciente,0,2026-09-16T00:42:16.713124+00:00
4,12/05/2025 16:50,2969752,6,33,Independiente,6700000,900000,441490,95.227787,730.0,7,4,0.0,4461.0,4461.0,0.0,6,0,0,2680000.0,Estable,1,2026-09-16T00:42:16.713124+00:00
4,29/05/2025 15:59,539520,6,47,Empleado,1500000,600000,80532,95.227787,746.0,3,5,0.0,14365.0,14365.0,0.0,2,0,1,870265.0,Creciente,1,2026-09-16T00:42:16.713124+00:00
4,3/01/2025 16:51,549120,12,45,Empleado,1800000,500000,43034,95.227787,826.0,5,8,0.0,35362.0,35362.0,0.0,5,0,0,1642073.0,Creciente,1,2026-09-16T00:42:16.713124+00:00
9,8/01/2025 17:54,3583786,9,24,Empleado,4444000,1500000,333095,91.728786,555.0,8,8,0.0,103012.0,103012.0,0.0,4,0,2,4088594.0,Creciente,0,2026-09-16T00:42:16.713124+00:00
4,11/04/2025 8:29,3720000,6,54,Independiente,8000000,2000000,552870,95.227787,877.0,6,4,0.0,13462.0,13462.0,0.0,4,0,0,931394.0,Creciente,0,2026-09-16T00:42:16.713124+00:00
4,28/01/2025 17:26,2054038,12,31,Empleado,1700000,700000,161374,95.227787,786.0,3,5,0.0,0.0,0.0,0.0,1,0,0,445252.0,Decreciente,0,2026-09-16T00:42:16.713124+00:00
4,1/04/2025 10:52,2808000,12,48,Empleado,2500000,1000000,220974,95.227787,759.0,5,4,0.0,37444.0,37444.0,0.0,3,0,2,,,0,2026-09-16T00:42:16.713124+00:00
4,31/01/2026 19:15,2280360,12,42,Empleado,1740000,162000,190306,95.227787,753.0,2,0,0.0,162.0,162.0,0.0,0,0,2,1441539.0,Creciente,1,2026-09-16T00:42:16.713124+00:00
4,31/03/2025 18:10,7689000,12,51,Empleado,8800000,4000000,604081,95.227787,784.0,10,4,0.0,134167.0,134167.0,0.0,4,3,1,7752503.0,Creciente,1,2026-09-16T00:42:16.713124+00:00
4,12/04/2025 14:48,2437200,24,36,Empleado,2000000,0,84625,-18.471029,758.0,2,16,0.0,55.0,55.0,0.0,0,0,0,1246874.0,Decreciente,0,2026-09-16T00:42:16.713124+00:00
4,9/01/2025 9:24,655200,8,36,Empleado,3000000,800000,74342,95.227787,856.0,6,8,0.0,22698.0,22698.0,0.0,2,0,1,2079000.0,Creciente,1,2026-09-16T00:42:16.713124+00:00
9,26/12/2024 18:09,918965,10,37,Empleado,1500000,800000,77942,95.227787,780,5,0,0,5166,5166,,1,0,3,,,1,2026-09-16T00:42:16.713124+00:00
9,6/12/2024 12:52,1379983,10,32,Empleado,2500000,200000,116860,95.227787,887,7,0,0,39320,39320,,1,0,4,,,1,2026-09-16T00:42:16.713124+00:00
4,23/12/2024 10:34,1879200,6,56,Independiente,2000000,500000,278911,4.018321,801.0,5,1,0.0,1209.0,1209.0,0.0,1,0,2,,,1,2026-09-16T00:42:16.713124+00:00
4,15/01/2025 12:26,2212680,6,33,Independiente,2500000,800000,307317,95.227787,783.0,2,0,0.0,3772.0,3772.0,0.0,0,0,1,878319.0,Creciente,1,2026-09-16T00:42:16.713124+00:00
9,23/02/2025 14:06,1143631,8,54,Empleado,5000000,2000000,119174,53.340597,770.0,5,4,0.0,38293.0,38293.0,0.0,4,0,1,,,1,2026-09-16T00:42:16.713124+00:00
4,20/02/2025 16:22,3690180,12,39,Empleado,3500000,1500000,289536,95.227787,755.0,5,6,0.0,64299.0,64299.0,0.0,1,0,1,,,0,2026-09-16T00:42:16.713124+00:00
9,5/07/2025 9:10,2588608,9,56,Independiente,3742000,3742000,242680,95.227787,745.0,7,19,0.0,74031.0,66961.0,0.0,4,1,2,954263.0,Creciente,0,2026-09-16T00:42:16.713124+00:00
4,6/04/2025 16:51,1199880,6,68,Independiente,2000000,700000,178387,95.227787,781.0,4,4,0.0,3801.0,3801.0,0.0,3,0,0,941789.0,Creciente,1,2026-09-16T00:42:16.713124+00:00
9,21/12/2024 9:15,2403689,10,51,Empleado,3000000,0,203870,95.227787,734.0,0,2,0.0,0.0,,,0,0,0,905965.0,Creciente,1,2026-09-16T00:42:16.713124+00:00
4,20/05/2025 10:07,1264800,6,45,Independiente,6000000,2000000,189421,95.227787,735.0,10,4,0.0,55075.0,55075.0,0.0,6,0,2,1022350.0,Decreciente,1,2026-09-16T00:42:16.713124+00:00
9,6/04/2025 15:50,1498992,3,47,Independiente,5000000,2000000,397801,95.227787,808.0,4,2,0.0,2837.0,2447.0,0.0,1,0,2,1323083.0,Creciente,0,2026-09-16T00:42:16.713124+00:00
4,2/01/2025 11:01,1487880,12,29,Empleado,2500000,500000,103325,95.227787,767.0,2,4,0.0,23275.0,23275.0,0.0,2,0,0,890463.0,Creciente,1,2026-09-16T00:42:16.713124+00:00
4,4/01/2025 17:27,1633080,12,43,Independiente,1800000,700000,113408,95.227787,710.0,5,3,0.0,1765.0,1765.0,0.0,0,0,5,,,0,2026-09-16T00:42:16.713124+00:00
4,3/01/2025 13:00,1863480,12,33,Empleado,2100000,150000,129408,90.562453,746.0,5,6,0.0,32483.0,32483.0,0.0,2,1,2,2269803.0,Creciente,1,2026-09-16T00:42:16.713124+00:00
4,22/08/2025 8:40,4200000,6,42,Independiente,5260000,2682000,632178,95.227787,810.0,6,1,0.0,53939.0,53939.0,0.0,5,0,0,,,1,2026-09-16T00:42:16.713124+00:00
4,1/04/2025 18:37,2377080,6,37,Empleado,3000000,700000,353382,95.227787,790.0,3,16,0.0,1124.0,1124.0,0.0,2,1,0,1580471.0,Creciente,0,2026-09-16T00:42:16.713124+00:00
4,10/01/2025 17:39,2940000,12,29,Independiente,2000000,800000,230676,95.227787,837.0,2,2,0.0,0.0,0.0,0.0,1,0,0,1200000.0,Estable,0,2026-09-16T00:42:16.713124+00:00
9,16/05/2025 11:54,548232,2,43,Independiente,5000000,2000000,216259,95.227787,711.0,4,4,0.0,3323.0,3323.0,0.0,0,1,2,454263.0,Decreciente,1,2026-09-16T00:42:16.713124+00:00
9,28/03/2025 13:08,1709262,10,37,Empleado,4000000,1200000,145200,69.456282,722.0,6,13,0.0,37083.0,37083.0,0.0,2,0,4,1060215.0,Creciente,0,2026-09-16T00:42:16.713124+00:00
9,20/07/2025 9:46,5762640,12,39,Independiente,4000000,2000000,400183,-15.473246,287.0,4,7,4973.0,6800.0,6800.0,0.0,1,0,2,1000000.0,Creciente,0,2026-09-16T00:42:16.713124+00:00
4,4/10/2025 11:36,576000,6,25,Empleado,1900000,274000,87587,95.227787,795.0,4,5,0.0,9434.0,9434.0,0.0,1,0,1,1641600.0,Creciente,1,2026-09-16T00:42:16.713124+00:00
9,27/06/2025 15:28,1852966,9,50,Independiente,3000000,1000000,173714,95.227787,812.0,4,5,0.0,5000.0,5000.0,0.0,2,0,2,,,1,2026-09-16T00:42:16.713124+00:00
4,28/02/2025 10:59,4240080,6,31,Empleado,2200000,1000000,629314,95.227787,792.0,6,5,0.0,7652.0,7652.0,0.0,2,0,2,,,0,2026-09-16T00:42:16.713124+00:00
4,28/02/2025 11:07,912000,6,21,Independiente,1500000,100000,135917,-11.219562,761.0,1,4,0.0,3228.0,3228.0,0.0,0,0,1,908526.0,Estable,0,2026-09-16T00:42:16.713124+00:00
9,12/12/2024 11:29,3498317,11,121,Empleado,9164760,6784510,271713,95.227787,0.0,0,0,,,,,0,0,0,,,0,2026-09-16T00:42:16.713124+00:00
4,12/03/2025 8:48,1080000,12,26,Empleado,1300000,150000,85365,95.227787,729.0,4,6,0.0,1176.0,1176.0,0.0,1,0,3,300000.0,Estable,0,2026-09-16T00:42:16.713124+00:00
4,10/12/2024 18:54,554400,6,46,Empleado,4500000,600000,82312,95.227787,796.0,13,2,0.0,299151.0,299150.0,0.0,9,0,1,,,1,2026-09-16T00:42:16.713124+00:00
4,24/11/2025 10:58,1009200,6,24,Independiente,1930000,1325000,154732,95.227787,674.0,11,2,0.0,5601.0,5601.0,0.0,2,0,9,347974.0,Creciente,0,2026-09-16T00:42:16.713124+00:00
4,8/01/2025 16:50,2824561,12,51,Empleado,1600000,300000,196150,95.227787,880.0,4,3,0.0,18906.0,906.0,0.0,2,0,2,1658890.0,Creciente,1,2026-09-16T00:42:16.713124+00:00
4,24/02/2025 13:39,840000,8,43,Independiente,1700000,800000,95273,-17.221953,830.0,2,2,0.0,100473.0,100473.0,0.0,1,0,0,924166.0,Creciente,1,2026-09-16T00:42:16.713124+00:00
4,24/12/2024 13:00,2250000,6,54,Independiente,2000000,500000,334034,95.227787,863.0,4,2,0.0,41058.0,41058.0,0.0,1,1,0,,,1,2026-09-16T00:42:16.713124+00:00
4,18/07/2025 13:07,1745191,6,52,Empleado,4300000,2000000,262968,95.227787,801.0,7,6,0.0,132175.0,132175.0,0.0,4,0,0,4365302.0,Decreciente,1,2026-09-16T00:42:16.713124+00:00
9,16/03/2025 14:14,2794068,11,38,Empleado,3100000,1000000,217634,95.227787,755.0,8,2,0.0,63452.0,63452.0,0.0,1,2,5,,,1,2026-09-16T00:42:16.713124+00:00
9,13/06/2025 9:54,1530929,9,51,Independiente,1100000,800000,143455,95.227787,847.0,1,0,0.0,0.0,0.0,0.0,1,0,0,,,1,2026-09-16T00:42:16.713124+00:00
4,13/04/2025 9:45,924000,8,59,Empleado,1000000,160000,105559,95.227787,832.0,3,0,0.0,2536.0,2536.0,0.0,2,0,1,939017.0,Creciente,1,2026-09-16T00:42:16.713124+00:00
4,11/02/2025 16:58,2138400,10,55,Empleado,1600000,400000,197669,95.227787,846.0,4,2,0.0,291.0,291.0,0.0,1,0,2,1122763.0,Creciente,1,2026-09-16T00:42:16.713124+00:00
4,15/02/2025 10:46,2373600,24,31,Empleado,2000000,800000,103765,95.227787,813.0,4,3,0.0,53902.0,53902.0,0.0,2,0,0,1300000.0,Estable,0,2026-09-16T00:42:16.713124+00:00
4,14/01/2025 14:14,954000,12,35,Independiente,3000000,340000,75074,95.227787,722.0,6,8,0.0,3832.0,3832.0,0.0,2,0,3,30285.0,Estable,0,2026-09-16T00:42:16.713124+00:00
4,23/03/2025 9:39,1547880,10,38,Empleado,1800000,720000,143375,95.227787,775.0,4,3,0.0,156331.0,156331.0,0.0,3,0,0,,,1,2026-09-16T00:42:16.713124+00:00
4,29/06/2025 16:56,2411280,6,53,Empleado,1200000,600000,357487,95.227787,814.0,3,2,0.0,15679.0,0.0,0.0,0,2,0,,,1,2026-09-16T00:42:16.713124+00:00
4,26/11/2024 14:32,903960,12,55,Empleado,1500000,500000,70664,95.227787,879.0,3,0,0.0,0.0,0.0,0.0,1,0,1,903405.0,Creciente,1,2026-09-16T00:42:16.713124+00:00
9,19/03/2025 11:02,3103392,5,47,Independiente,4000000,2000000,503464,95.227787,803.0,12,4,0.0,269961.0,269961.0,0.0,9,0,1,1590909.0,Creciente,1,2026-09-16T00:42:16.713124+00:00
9,16/07/2025 10:34,955049,10,42,Empleado,2500000,2000000,81514,95.227787,906.0,10,7,0.0,72868.0,72868.0,0.0,7,1,0,469405.0,Creciente,1,2026-09-16T00:42:16.713124+00:00
9,30/04/2025 11:00,878880,5,29,Independiente,5000000,2000000,142664,89.979287,680.0,5,5,0.0,10446.0,1224.0,0.0,0,0,4,,,0,2026-09-16T00:42:16.713124+00:00
4,24/01/2025 17:09,867480,6,61,Empleado,1360000,0,128844,95.227787,839.0,1,0,0.0,3376.0,3376.0,0.0,0,1,0,916148.0,Creciente,1,2026-09-16T00:42:16.713124+00:00
4,9/09/2025 17:13,1057762,6,28,Empleado,2190000,963000,160566,95.227787,760.0,2,2,0.0,1113.0,1113.0,0.0,2,0,0,2286666.0,Creciente,1,2026-09-16T00:42:16.713124+00:00
4,17/07/2025 15:22,1475107,6,49,Empleado,6000000,1500000,219094,95.227787,821.0,5,2,0.0,1065.0,1065.0,0.0,2,0,0,922222.0,Creciente,1,2026-09-16T00:42:16.713124+00:00
4,3/02/2025 17:15,4585859,12,34,Empleado,5500000,3000000,359837,95.227787,723.0,7,1,0.0,41118.0,41118.0,0.0,1,0,4,4994330.0,Creciente,1,2026-09-16T00:42:16.713124+00:00
9,11/12/2024 17:40,1645367,10,54,Empleado,2000000,1500000,139333,95.227787,912.0,3,2,0.0,12617.0,12617.0,0.0,1,1,0,2598922.0,Creciente,1,2026-09-16T00:42:16.713124+00:00
10,6/01/2025 17:28,8640000,36,28,Empleado,1300000,400000,279360,95.227787,795.0,1,2,0.0,0.0,0.0,0.0,1,0,0,738934.0,Creciente,0,2026-09-16T00:42:16.713124+00:00
4,24/03/2025 11:28,604800,10,62,Independiente,2800000,1000000,56025,95.227787,766.0,2,4,0.0,517.0,517.0,0.0,1,0,0,908526.0,Estable,1,2026-09-16T00:42:16.713124+00:00
4,29/11/2024 16:13,2090760,6,44,Empleado,3300000,1000000,309968,95.227787,834.0,6,4,0.0,73647.0,17924.0,0.0,5,0,1,3817076.0,Creciente,1,2026-09-16T00:42:16.713124+00:00
4,7/12/2024 16:18,3000000,6,29,Empleado,11000000,3000000,445379,95.227787,765.0,5,9,0.0,50283.0,50283.0,0.0,2,0,1,7127773.0,Creciente,0,2026-09-16T00:42:16.713124+00:00
4,11/02/2025 14:28,1722960,6,38,Empleado,2700000,500000,255907,95.227787,806.0,5,4,0.0,34531.0,34531.0,0.0,4,0,1,2460960.0,Decreciente,1,2026-09-16T00:42:16.713124+00:00
4,27/07/2025 8:42,403200,6,45,Independiente,1000000,1610000,60755,95.227787,724.0,6,4,0.0,13444.0,13444.0,0.0,5,0,1,1000000.0,Estable,1,2026-09-16T00:42:16.713124+00:00
4,20/01/2025 17:50,4307522,24,36,Independiente,3800000,650000,188308,95.227787,722.0,9,3,0.0,1349.0,1349.0,0.0,1,0,8,30285.0,Estable,0,2026-09-16T00:42:16.713124+00:00
9,11/05/2025 9:43,1159816,10,32,Empleado,1500000,600000,98628,95.227787,764.0,5,2,0.0,1629.0,1629.0,0.0,2,1,0,30285.0,Creciente,1,2026-09-16T00:42:16.713124+00:00
9,13/07/2025 11:16,1185660,4,29,Independiente,5000000,2000000,238495,95.227787,820.0,9,2,0.0,44537.0,44537.0,0.0,2,3,3,2531104.0,Creciente,1,2026-09-16T00:42:16.713124+00:00
4,31/08/2025 18:43,3038880,12,34,Independiente,2607000,1296000,243922,95.227787,785.0,5,6,0.0,19926.0,19926.0,0.0,4,0,0,1939366.0,Creciente,0,2026-09-16T00:42:16.713124+00:00
9,10/12/2025 15:01,3749236,4,36,Empleado,5270000,3144000,766465,95.227787,808.0,7,7,0.0,117892.0,117892.0,0.0,6,0,1,13922498.0,Creciente,1,2026-09-16T00:42:16.713124+00:00
4,22/01/2025 14:06,1661520,12,52,Independiente,3000000,300000,130124,95.227787,756.0,8,1,0.0,106320.0,69900.0,0.0,0,2,4,,,1,2026-09-16T00:42:16.713124+00:00
9,10/04/2025 14:32,3585025,10,42,Independiente,5000000,2000000,304544,95.227787,778.0,1,2,0.0,53.0,53.0,0.0,0,0,1,931394.0,Creciente,0,2026-09-16T00:42:16.713124+00:00
9,11/07/2025 12:38,2637378,5,65,Independiente,8000000,5000000,428484,95.227787,845.0,5,3,0.0,40838.0,40838.0,0.0,3,0,1,954263.0,Creciente,1,2026-09-16T00:42:16.713124+00:00
4,5/03/2025 10:27,2696280,8,25,Empleado,2000000,850000,306348,95.227787,833.0,1,2,0.0,2533.0,2533.0,0.0,1,0,0,4303585.0,Creciente,1,2026-09-16T00:42:16.713124+00:00
4,11/07/2025 14:37,2969071,6,35,Independiente,6000000,0,444659,95.227787,734.0,11,5,0.0,140710.0,127358.0,0.0,4,0,5,4452085.0,Creciente,1,2026-09-16T00:42:16.713124+00:00
9,13/01/2025 18:39,3017808,12,36,Empleado,2000000,1000000,236053,90.562453,831.0,5,2,0.0,145606.0,145606.0,0.0,5,0,0,4146138.0,Creciente,1,2026-09-16T00:42:16.713124+00:00
9,21/06/2025 18:30,2172230,4,45,Independiente,5000000,3000000,436943,95.227787,762.0,14,9,0.0,113467.0,110348.0,0.0,8,0,3,950105.0,Creciente,0,2026-09-16T00:42:16.713124+00:00
4,10/01/2025 16:14,3931081,12,65,Empleado,12000000,2500000,272992,95.227787,878.0,4,2,0.0,157.0,157.0,0.0,2,0,0,916148.0,Creciente,1,2026-09-16T00:42:16.713124+00:00
9,22/12/2025 13:16,5167176,10,50,Empleado,32387000,7013000,458032,95.227787,905.0,13,1,0.0,184722.0,184722.0,0.0,9,0,0,11022887.0,Creciente,1,2026-09-16T00:42:16.713124+00:00
9,5/04/2025 13:00,1890746,10,46,Empleado,5500000,2800000,160617,95.227787,841.0,9,0,0.0,114918.0,114918.0,0.0,7,1,0,5800575.0,Creciente,1,2026-09-16T00:42:16.713124+00:00
4,17/09/2025 17:57,3493200,6,52,Independiente,4330000,1100000,524993,95.227787,825.0,10,2,0.0,92093.0,85709.0,0.0,8,0,1,972557.0,Creciente,1,2026-09-16T00:42:16.713124+00:00
4,15/01/2025 11:06,2000400,6,66,Empleado,1400000,240000,296708,95.227787,760.0,3,2,0.0,19497.0,19497.0,0.0,2,0,0,916148.0,Creciente,1,2026-09-16T00:42:16.713124+00:00
9,23/04/2025 16:27,1017451,10,21,Independiente,1200000,700000,86522,95.227787,688.0,0,2,0.0,0.0,,,0,0,0,,,0,2026-09-16T00:42:16.713124+00:00
4,7/02/2025 13:19,1494000,12,32,Empleado,2500000,800000,117365,95.227787,817.0,6,5,0.0,38704.0,38704.0,0.0,4,0,0,2116723.0,Decreciente,1,2026-09-16T00:42:16.713124+00:00
4,2/02/2025 15:07,1632120,12,30,Independiente,2000000,200000,127901,61.221842,810.0,5,5,0.0,1003.0,1003.0,0.0,3,0,1,,,0,2026-09-16T00:42:16.713124+00:00
9,20/08/2025 13:31,1267478,10,39,Empleado,1210000,459000,108180,95.227787,855.0,8,2,0.0,2197.0,2197.0,0.0,5,0,0,1210000.0,Estable,1,2026-09-16T00:42:16.713124+00:00
9,9/05/2025 10:01,1498992,5,59,Independiente,5000000,2000000,243323,95.227787,809.0,7,2,0.0,104329.0,104329.0,0.0,5,0,2,939017.0,Creciente,1,2026-09-16T00:42:16.713124+00:00
4,26/03/2025 10:33,9000000,12,37,Independiente,5000000,2000000,707079,95.227787,831.0,7,2,0.0,26206.0,26206.0,0.0,6,0,0,767199.0,Decreciente,0,2026-09-16T00:42:16.713124+00:00
4,6/12/2024 17:21,4044360,36,27,Empleado,3000000,300000,130483,95.227787,755.0,5,12,0.0,19720.0,19720.0,0.0,5,0,0,1957380.0,Creciente,0,2026-09-16T00:42:16.713124+00:00
4,23/01/2026 8:14,6583014,10,48,Empleado,7284000,3389000,643108,95.227787,889.0,5,2,0.0,21345.0,21345.0,0.0,3,0,0,8804656.0,Creciente,1,2026-09-16T00:42:16.713124+00:00
9,1/03/2026 17:45,2060920,9,34,Independiente,1670000,88000,204658,95.227787,731.0,3,1,0.0,834.0,834.0,0.0,0,0,2,,,1,2026-09-16T00:42:16.713124+00:00
4,1/02/2025 15:54,1079880,6,52,Independiente,4000000,550000,160392,95.227787,795.0,3,4,0.0,13744.0,607.0,0.0,0,0,1,,,0,2026-09-16T00:42:16.713124+00:00
4,26/03/2025 16:48,3025920,24,40,Empleado,5500000,2000000,132890,95.227787,796.0,6,7,0.0,57964.0,57964.0,0.0,5,0,0,5689769.0,Creciente,1,2026-09-16T00:42:16.713124+00:00
4,8/01/2025 16:30,1420680,12,59,Empleado,1200000,600000,98658,95.227787,813.0,0,0,0.0,0.0,,,0,0,0,834192.0,Creciente,1,2026-09-16T00:42:16.713124+00:00
9,7/08/2025 17:41,1581631,5,49,Empleado,3000000,1200000,257260,95.227787,879.0,3,3,0.0,43122.0,43122.0,0.0,3,0,0,1941742.0,Creciente,1,2026-09-16T00:42:16.713124+00:00
4,4/02/2025 13:20,1236000,12,34,Empleado,3900000,500000,97387,95.227787,784.0,11,6,0.0,44840.0,44840.0,0.0,8,0,2,250625.0,Creciente,0,2026-09-16T00:42:16.713124+00:00
4,15/01/2025 12:32,1079880,12,31,Independiente,3000000,600000,74992,95.227787,748.0,1,6,0.0,0.0,0.0,0.0,0,0,0,916148.0,Creciente,0,2026-09-16T00:42:16.713124+00:00
4,10/10/2025 11:04,2178000,6,34,Empleado,1940000,358000,331740,95.227787,799.0,5,2,0.0,3952.0,3952.0,0.0,4,0,0,1200000.0,Decreciente,1,2026-09-16T00:42:16.713124+00:00
4,21/02/2025 13:33,7440000,12,36,Independiente,9000000,3500000,584519,95.227787,736.0,4,3,0.0,3248.0,3248.0,0.0,0,0,2,908526.0,Estable,0,2026-09-16T00:42:16.713124+00:00
9,26/03/2025 10:59,1422139,11,67,Empleado,5000000,1000000,110836,95.227787,830.0,10,4,0.0,24665.0,24665.0,0.0,8,0,1,,,1,2026-09-16T00:42:16.713124+00:00
4,30/09/2025 11:54,3777480,18,36,Empleado,1780000,0,174883,95.227787,814.0,2,4,0.0,0.0,0.0,0.0,0,0,1,1041745.0,Decreciente,1,2026-09-16T00:42:16.713124+00:00
4,28/11/2024 13:49,1284000,12,64,Independiente,1200000,500000,100793,95.227787,800.0,7,5,0.0,8255.0,8255.0,0.0,3,0,1,908526.0,Estable,0,2026-09-16T00:42:16.713124+00:00
4,5/09/2025 16:52,2400000,8,27,Independiente,1290000,128000,278338,95.227787,731.0,4,4,0.0,4379.0,4379.0,0.0,0,1,0,977131.0,Creciente,1,2026-09-16T00:42:16.713124+00:00
4,15/04/2025 11:43,2419200,10,61,Independiente,3000000,0,224179,95.227787,835.0,3,1,0.0,1879.0,1879.0,0.0,2,0,0,,,1,2026-09-16T00:42:16.713124+00:00
4,27/01/2025 17:50,1299600,12,58,Independiente,3500000,900000,102398,95.227787,840.0,3,2,0.0,0.0,0.0,0.0,0,0,1,1000000.0,Creciente,1,2026-09-16T00:42:16.713124+00:00
4,25/03/2025 16:07,2119200,12,58,Independiente,2000000,350000,166480,95.227787,765.0,6,4,0.0,3365.0,3365.0,0.0,2,0,0,,,1,2026-09-16T00:42:16.713124+00:00
4,14/01/2025 14:09,1194960,6,43,Empleado,4000000,1500000,165967,95.227787,835.0,10,14,0.0,119121.0,119121.0,0.0,8,0,0,788966.0,Creciente,0,2026-09-16T00:42:16.713124+00:00
4,19/12/2025 10:36,4270560,36,39,Empleado,11588000,5055000,157015,95.227787,774.0,9,5,0.0,130721.0,130721.0,0.0,9,0,0,11004988.0,Creciente,1,2026-09-16T00:42:16.713124+00:00
9,26/04/2025 8:17,869060,10,36,Empleado,2000000,800000,73903,95.227787,752.0,4,5,0.0,7713.0,7713.0,0.0,3,0,1,1613187.0,Creciente,0,2026-09-16T00:42:16.713124+00:00
9,27/04/2025 17:38,2456198,9,40,Empleado,2500000,1000000,229937,95.227787,706.0,5,15,0.0,17205.0,17205.0,0.0,3,1,1,933818.0,Creciente,0,2026-09-16T00:42:16.713124+00:00
4,10/08/2025 14:28,996072,6,46,Empleado,3400000,1000000,147687,95.227787,778.0,6,4,0.0,213981.0,213981.0,0.0,4,0,0,965763.0,Creciente,1,2026-09-16T00:42:16.713124+00:00
9,31/05/2025 12:32,821208,2,52,Independiente,5000000,2000000,324034,95.227787,799.0,8,6,0.0,100934.0,100934.0,0.0,5,0,2,,,1,2026-09-16T00:42:16.713124+00:00
9,4/12/2024 9:15,808964,2,33,Independiente,4000000,2000000,318735,95.227787,805,22,2,0,322660,128033,0,6,8,10,,,1,2026-09-16T00:42:16.713124+00:00
4,6/02/2025 11:18,3096000,6,34,Independiente,3200000,1500000,459840,95.227787,726.0,8,2,0.0,28056.0,20159.0,0.0,4,2,0,,,1,2026-09-16T00:42:16.713124+00:00
4,3/05/2025 10:46,1848000,6,39,Independiente,2000000,800000,274744,95.227787,810.0,5,4,0.0,41545.0,23775.0,0.0,0,2,2,933473.0,Creciente,1,2026-09-16T00:42:16.713124+00:00
4,7/08/2025 16:36,2311200,6,26,Empleado,893164,2284000,346134,95.227787,696.0,8,9,0.0,10046.0,10046.0,0.0,3,0,2,1660746.0,Creciente,0,2026-09-16T00:42:16.713124+00:00
6,11/05/2025 12:03,2400000,6,63,Empleado,2000000,0,359987,95.227787,874.0,2,0,0.0,159.0,159.0,0.0,2,0,0,,,0,2026-09-16T00:42:16.713124+00:00
4,7/01/2025 17:46,1271400,12,30,Empleado,15000000,0,88292,95.227787,770.0,5,25,0.0,7716.0,7609.0,0.0,4,0,0,1000000.0,Estable,0,2026-09-16T00:42:16.713124+00:00
4,31/03/2025 12:31,2244000,18,25,Empleado,5000000,2000000,124495,95.227787,725.0,5,5,0.0,10181.0,10181.0,0.0,2,1,1,1819875.0,Creciente,0,2026-09-16T00:42:16.713124+00:00
4,8/06/2025 9:44,630000,6,48,Independiente,2500000,300000,94703,95.227787,827.0,3,4,0.0,2028.0,2028.0,0.0,2,0,0,954263.0,Creciente,1,2026-09-16T00:42:16.713124+00:00
4,7/04/2025 9:56,2645280,12,52,Independiente,2500000,600000,208169,95.227787,823.0,2,2,0.0,9818.0,8262.0,0.0,1,0,1,,,0,2026-09-16T00:42:16.713124+00:00
4,6/04/2025 8:13,613522,12,45,Empleado,12000000,7000000,48638,95.227787,889.0,10,4,0.0,148334.0,148334.0,0.0,9,0,0,15909205.0,Creciente,1,2026-09-16T00:42:16.713124+00:00
4,13/02/2025 14:27,600000,12,41,Empleado,2400000,400000,47135,91.028987,786.0,5,15,0.0,6088.0,6088.0,0.0,2,0,2,916667.0,Estable,0,2026-09-16T00:42:16.713124+00:00
4,23/01/2025 18:04,2795460,24,44,Empleado,2000000,500000,121775,95.227787,816.0,13,10,0.0,16483.0,16483.0,0.0,7,0,4,2479778.0,Creciente,0,2026-09-16T00:42:16.713124+00:00
4,18/08/2025 17:36,3132000,6,48,Independiente,908526,4275000,471471,95.227787,765.0,9,2,0.0,69120.0,66476.0,0.0,2,1,0,966736.0,Creciente,1,2026-09-16T00:42:16.713124+00:00
4,25/09/2025 16:27,1419600,6,34,Independiente,3770000,6209000,215492,95.227787,767.0,13,3,0.0,208138.0,208138.0,0.0,7,0,3,,,1,2026-09-16T00:42:16.713124+00:00
9,23/05/2025 10:44,1498992,7,47,Independiente,4000000,2000000,177228,95.227787,831.0,6,10,0.0,79427.0,79427.0,0.0,4,0,1,946640.0,Creciente,0,2026-09-16T00:42:16.713124+00:00
4,21/06/2025 11:01,3104640,6,45,Independiente,15000000,6000000,463417,95.227787,757.0,6,10,0.0,98485.0,98485.0,0.0,5,0,1,954263.0,Creciente,0,2026-09-16T00:42:16.713124+00:00
4,3/12/2024 18:22,3479760,18,69,Empleado,4180000,750000,192253,95.227787,892.0,5,5,0.0,41695.0,41695.0,0.0,3,0,0,4149973.0,Estable,1,2026-09-16T00:42:16.713124+00:00
4,11/06/2025 17:09,2076840,12,42,Independiente,5000000,800000,163571,95.227787,780.0,7,6,0.0,92711.0,92711.0,0.0,4,0,0,,,1,2026-09-16T00:42:16.713124+00:00
4,15/08/2025 14:48,1728000,8,30,Empleado,4661276,930000,200403,95.227787,814.0,4,2,0.0,24758.0,24758.0,0.0,3,0,0,4592592.0,Creciente,1,2026-09-16T00:42:16.713124+00:00
9,7/12/2024 10:26,1714744,9,43,Independiente,3000000,1200000,159912,72.686129,802.0,8,2,0.0,4293.0,4293.0,0.0,2,0,3,778674.0,Decreciente,0,2026-09-16T00:42:16.713124+00:00
4,19/01/2026 17:02,654000,12,41,Empleado,2981000,1725000,54500,95.227787,676.0,4,9,0.0,28117.0,28117.0,0.0,2,0,1,2891523.0,Decreciente,0,2026-09-16T00:42:16.713124+00:00
4,23/01/2025 11:34,1642680,12,62,Empleado,4635000,2000000,114075,95.227787,774.0,10,4,0.0,11225.0,11225.0,0.0,5,0,5,5035506.0,Creciente,1,2026-09-16T00:42:16.713124+00:00
4,22/05/2025 12:36,1200000,6,61,Empleado,2500000,1000000,178395,95.227787,836.0,4,4,0.0,17848.0,17848.0,0.0,1,2,0,2055472.0,Creciente,1,2026-09-16T00:42:16.713124+00:00
4,25/02/2025 11:24,2160000,18,53,Empleado,6500000,2000000,120047,95.227787,791.0,12,6,0.0,169813.0,162799.0,0.0,9,0,1,6500000.0,Creciente,1,2026-09-16T00:42:16.713124+00:00
4,19/09/2025 15:46,1154160,6,27,Empleado,1780000,480000,174321,95.227787,759.0,9,7,0.0,4267.0,4267.0,0.0,3,0,4,1337560.0,Creciente,1,2026-09-16T00:42:16.713124+00:00
9,14/03/2025 12:38,1489774,9,63,Empleado,3300000,1000000,139265,95.227787,860.0,3,2,0.0,0.0,0.0,0.0,2,0,0,923771.0,Creciente,1,2026-09-16T00:42:16.713124+00:00
4,31/01/2025 12:27,857628,6,64,Empleado,1000000,324000,127584,95.227787,868.0,6,0,0.0,8059.0,8059.0,0.0,4,0,1,908526.0,Estable,1,2026-09-16T00:42:16.713124+00:00
9,26/02/2025 11:33,1607935,10,38,Empleado,12000000,7000000,136521,95.227787,753.0,3,1,0.0,0.0,0.0,0.0,0,0,1,6299188.0,Creciente,1,2026-09-16T00:42:16.713124+00:00
4,14/01/2025 17:47,3170040,12,37,Empleado,2500000,400000,220142,95.227787,775.0,5,1,0.0,67.0,67.0,0.0,2,0,0,1446083.0,Creciente,1,2026-09-16T00:42:16.713124+00:00
4,23/02/2025 15:08,12480000,6,42,Independiente,14000000,4000000,1853620,95.227787,708.0,5,5,0.0,39944.0,39944.0,0.0,3,0,0,908526.0,Estable,0,2026-09-16T00:42:16.713124+00:00
4,25/10/2025 8:35,3596579,6,29,Empleado,2190000,516000,543950,95.227787,811.0,5,7,0.0,4354.0,4354.0,0.0,3,0,1,1478197.0,Creciente,1,2026-09-16T00:42:16.713124+00:00
4,23/01/2025 12:18,1473360,12,24,Empleado,1700000,1000000,115602,95.227787,786.0,5,3,0.0,11823.0,11823.0,0.0,2,0,2,1196182.0,Creciente,1,2026-09-16T00:42:16.713124+00:00
4,26/02/2025 15:48,2848800,12,45,Empleado,6500000,500000,223814,95.227787,791.0,6,6,0.0,10206.0,10206.0,0.0,3,0,0,6273939.0,Creciente,1,2026-09-16T00:42:16.713124+00:00
4,29/06/2025 12:48,628560,6,53,Independiente,6000000,3000000,93188,95.227787,716.0,29,8,0.0,41923.0,41923.0,0.0,6,0,21,,,0,2026-09-16T00:42:16.713124+00:00
4,27/12/2024 18:11,1398000,6,49,Empleado,1600000,500000,207120,95.227787,820.0,3,3,0.0,0.0,0.0,0.0,0,0,0,908526.0,Estable,1,2026-09-16T00:42:16.713124+00:00
4,20/12/2024 14:15,4680000,6,40,Empleado,3000000,1500000,693362,95.227787,786.0,4,1,0.0,6839.0,6839.0,0.0,0,0,1,908526.0,Estable,1,2026-09-16T00:42:16.713124+00:00
4,30/08/2025 14:45,840000,6,35,Independiente,2240000,1183000,126872,53.364705,790.0,7,3,0.0,45702.0,18170.0,0.0,2,2,2,1068541.0,Decreciente,1,2026-09-16T00:42:16.713124+00:00
4,16/09/2025 15:58,3600000,36,35,Empleado,2090000,1020000,129370,95.227787,720.0,10,16,0.0,26103.0,26103.0,0.0,6,1,2,2119233.0,Creciente,0,2026-09-16T00:42:16.713124+00:00
9,20/12/2024 10:03,1036589,9,49,Independiente,3400000,1400000,96808,95.227787,775.0,5,3,0.0,38919.0,0.0,0.0,1,0,0,1431616.0,Decreciente,0,2026-09-16T00:42:16.713124+00:00
4,26/02/2025 13:36,3147480,6,45,Independiente,4000000,180000,467806,95.227787,827.0,3,7,0.0,49.0,49.0,0.0,0,0,2,908526.0,Creciente,0,2026-09-16T00:42:16.713124+00:00
4,21/04/2025 19:18,5288642,6,51,Empleado,4200000,1200000,785508,95.227787,744.0,9,5,0.0,87966.0,25365.0,0.0,5,0,1,4506137.0,Creciente,1,2026-09-16T00:42:16.713124+00:00
4,17/12/2024 14:38,916320,8,24,Empleado,1500000,500000,103930,95.227787,784.0,2,4,0.0,465.0,465.0,0.0,0,1,1,1224798.0,Creciente,1,2026-09-16T00:42:16.713124+00:00
9,30/04/2025 13:15,2503241,10,45,Independiente,3500000,1255550,212871,95.227787,854.0,3,2,0.0,3789.0,3789.0,0.0,1,0,1,939017.0,Creciente,0,2026-09-16T00:42:16.713124+00:00
9,6/02/2025 14:13,1909852,9,30,Empleado,4000000,2000000,178364,95.227787,788.0,5,4,0.0,1537.0,1537.0,0.0,4,0,0,1498698.0,Creciente,1,2026-09-16T00:42:16.713124+00:00
4,29/07/2025 13:56,4260360,12,29,Independiente,1000000,557000,342911,95.227787,778.0,4,2,0.0,11552.0,11552.0,0.0,1,0,1,963410.0,Creciente,1,2026-09-16T00:42:16.713124+00:00
4,17/01/2025 9:08,1247460,12,36,Empleado,2000000,500000,97697,95.227787,848.0,4,5,0.0,273.0,273.0,0.0,2,0,1,1335287.0,Creciente,1,2026-09-16T00:42:16.713124+00:00
9,2/11/2025 12:17,7960772,5,122,Empleado,160806342,5297882,1314842,95.227787,0.0,0,0,,,,,0,0,0,,,0,2026-09-16T00:42:16.713124+00:00
4,22/08/2025 10:53,5625000,6,51,Independiente,5690000,1997000,846667,83.231214,855.0,4,2,0.0,16808.0,16808.0,0.0,2,0,1,1583333.0,Creciente,1,2026-09-16T00:42:16.713124+00:00
4,21/12/2024 11:09,1399200,24,67,Empleado,2500000,800000,61229,95.227787,805.0,2,3,0.0,17351.0,17351.0,0.0,1,0,0,1540359.0,Estable,1,2026-09-16T00:42:16.713124+00:00
4,31/12/2024 16:52,1564680,12,37,Empleado,1500000,350000,108658,95.227787,801,12,0,0,62403,62403,,2,0,8,,,1,2026-09-16T00:42:16.713124+00:00
4,4/05/2025 14:01,3100260,6,23,Independiente,4000000,2000000,460892,95.227787,750.0,5,2,0.0,53690.0,53690.0,0.0,3,0,1,733333.0,Estable,1,2026-09-16T00:42:16.713124+00:00
4,23/01/2025 15:31,1235880,8,37,Empleado,1500000,600000,140168,95.227787,756.0,2,2,0.0,692.0,692.0,0.0,0,0,0,726821.0,Creciente,1,2026-09-16T00:42:16.713124+00:00
4,18/03/2025 15:59,14400000,6,36,Empleado,10000000,2000000,2140141,95.227787,790.0,11,10,0.0,63401.0,63401.0,0.0,6,0,3,4123560.0,Decreciente,0,2026-09-16T00:42:16.713124+00:00
9,3/11/2025 11:04,6890785,5,51,Empleado,13160000,3557000,1138117,95.227787,838.0,6,4,0.0,154373.0,154373.0,0.0,6,0,0,6850909.0,Creciente,1,2026-09-16T00:42:16.713124+00:00
4,18/08/2025 15:40,1200000,6,65,Empleado,4475055,0,180622,95.227787,871.0,2,4,0.0,0.0,0.0,0.0,1,0,0,4475055.0,Decreciente,1,2026-09-16T00:42:16.713124+00:00
4,26/12/2024 12:23,1680000,6,58,Empleado,4000000,1500000,249430,95.227787,859.0,10,1,0.0,183295.0,156926.0,0.0,3,4,3,,,1,2026-09-16T00:42:16.713124+00:00
4,1/03/2025 16:30,1330680,12,69,Empleado,3000000,1000000,104544,95.227787,860.0,4,1,0.0,9951.0,9951.0,0.0,2,0,0,4059489.0,Decreciente,1,2026-09-16T00:42:16.713124+00:00
9,20/03/2025 11:42,1604400,2,28,Independiente,5000000,2000000,632696,95.227787,664.0,30,3,0.0,42145.0,42145.0,0.0,25,0,3,3271433.0,Creciente,1,2026-09-16T00:42:16.713124+00:00
9,30/01/2025 16:02,1796947,10,25,Independiente,3000000,1500000,152409,95.227787,790.0,2,2,0.0,459.0,459.0,0.0,0,0,1,,,0,2026-09-16T00:42:16.713124+00:00
9,26/06/2025 16:29,1429648,10,45,Empleado,3000000,1600000,121766,95.227787,786.0,7,3,0.0,110749.0,110749.0,0.0,1,2,1,693447.0,Creciente,1,2026-09-16T00:42:16.713124+00:00
4,12/04/2025 18:25,5451720,18,39,Empleado,2400000,500000,301739,95.227787,708.0,2,1,0.0,50000.0,50000.0,0.0,1,0,0,2067940.0,Creciente,0,2026-09-16T00:42:16.713124+00:00
4,17/02/2026 16:49,1310400,6,38,Independiente,2238000,510000,201227,95.227787,735.0,6,7,0.0,3471.0,3471.0,0.0,0,0,4,,,0,2026-09-16T00:42:16.713124+00:00
4,29/12/2025 17:08,3255720,20,53,Empleado,5080000,420000,179532,95.227787,852.0,2,0,0.0,608.0,608.0,0.0,2,0,0,,,1,2026-09-16T00:42:16.713124+00:00
4,25/09/2025 18:58,574560,6,55,Independiente,3270000,908000,86346,95.227787,753.0,9,5,0.0,30551.0,30551.0,0.0,4,0,3,,,1,2026-09-16T00:42:16.713124+00:00
9,22/05/2025 11:46,1604400,2,42,Independiente,4000000,2000000,633067,95.227787,782.0,4,5,0.0,10609.0,10609.0,0.0,1,0,2,,,0,2026-09-16T00:42:16.713124+00:00
9,15/03/2026 14:26,1216558,10,23,Empleado,1693000,0,109061,95.227787,737.0,0,2,0.0,0.0,,,0,0,0,,,1,2026-09-16T00:42:16.713124+00:00
9,20/04/2025 18:56,2665532,9,56,Empleado,4800000.0,1000000,249534,95.227787,893.0,1,2,0.0,0.0,0.0,0.0,1,0,0,3003081.0,Creciente,1,2026-09-16T00:42:16.841463+00:00
9,7/04/2025 12:39,2665297,11,31,Empleado,5760000.0,2000000,207722,91.99794,691.0,7,10,0.0,53698.0,53698.0,0.0,0,0,7,917304.0,Creciente,0,2026-09-16T00:42:16.841463+00:00
4,30/11/2024 18:42,4584000,12,31,Empleado,6720000.0,1600000,359691,95.227787,754.0,4,8,0.0,8594.0,2470.0,0.0,2,1,0,1131219.0,Creciente,0,2026-09-16T00:42:16.841463+00:00
4,19/12/2024 14:52,1691520,12,53,Empleado,6080000.0,2000000,132728,95.227787,837.0,10,5,0.0,54984.0,54984.0,0.0,5,2,1,4606840.0,Decreciente,1,2026-09-16T00:42:16.841463+00:00
4,9/06/2025 15:23,894540,6,31,Independiente,2880000.0,1000000,133045,95.227787,759.0,2,2,0.0,322.0,322.0,0.0,0,0,2,,,1,2026-09-16T00:42:16.841463+00:00
9,26/07/2025 18:03,3665420,10,27,Empleado,4800000.0,1500000,312845,95.227787,829.0,1,2,0.0,3952.0,3952.0,0.0,1,0,0,2884465.0,Creciente,1,2026-09-16T00:42:16.841463+00:00
4,3/04/2025 16:18,3038880,12,37,Empleado,6720000.0,1000000,238748,95.227787,776.0,2,4,0.0,30000.0,30000.0,0.0,2,0,0,3878988.0,Creciente,1,2026-09-16T00:42:16.841463+00:00
9,23/05/2025 18:33,4144355,10,34,Independiente,6400000.0,1000000,352797,95.227787,769.0,8,12,0.0,82356.0,82356.0,0.0,6,1,0,469405.0,Creciente,0,2026-09-16T00:42:16.841463+00:00
4,13/02/2025 14:51,5079360,6,24,Empleado,4480000.0,500000,753908,95.227787,775.0,3,10,0.0,5274.0,5274.0,0.0,0,1,2,1773085.0,Creciente,0,2026-09-16T00:42:16.841463+00:00
4,8/05/2025 14:02,1728000,24,44,Empleado,6400000.0,2000000,77847,95.227787,751.0,10,4,0.0,32922.0,32922.0,0.0,8,0,1,,,1,2026-09-16T00:42:16.841463+00:00
4,26/08/2025 18:09,1140000,12,54,Empleado,4720000.0,400000,91757,95.227787,803.0,1,4,0.0,417.0,417.0,0.0,0,0,1,1000000.0,Creciente,1,2026-09-16T00:42:16.841463+00:00
9,27/11/2025 17:59,9713983,10,41,Independiente,35120000.0,31257000,856655,95.227787,825.0,22,12,0.0,425757.0,412924.0,0.0,11,0,9,1325000.0,Creciente,0,2026-09-16T00:42:16.841463+00:00
4,29/11/2024 15:07,1428000,10,46,Independiente,7200000.0,1200000,132048,95.227787,762.0,2,0,0.0,15654.0,15654.0,0.0,0,1,0,,,1,2026-09-16T00:42:16.841463+00:00
9,1/01/2025 14:32,878880,8,61,Independiente,8000000.0,2000000,91506,95.227787,766,6,1,0,1991,1991,,0,0,5,,,1,2026-09-16T00:42:16.841463+00:00
4,21/04/2025 9:11,1428000,6,49,Empleado,4800000.0,950000,212290,95.227787,777.0,5,7,0.0,932.0,932.0,0.0,1,0,0,469405.0,Estable,0,2026-09-16T00:42:16.841463+00:00
4,14/10/2025 13:42,3182400,6,49,Independiente,4592000.0,304000,482298,95.227787,772.0,2,2,0.0,7730.0,7730.0,0.0,1,0,0,,,1,2026-09-16T00:42:16.841463+00:00
4,7/04/2025 17:04,2080680,6,56,Empleado,9280000.0,2500000,309319,89.2295,849.0,8,9,0.0,64167.0,64167.0,0.0,5,1,1,6223527.0,Creciente,1,2026-09-16T00:42:16.841463+00:00
9,2/02/2025 12:54,1604014,10,68,Empleado,3040000.0,1200000,136045,95.227787,809.0,2,5,0.0,5942.0,5942.0,0.0,1,0,0,916148.0,Creciente,1,2026-09-16T00:42:16.841463+00:00
4,15/01/2025 15:39,2591760,12,33,Empleado,4800000.0,1000000,179983,95.227787,833.0,1,3,0.0,1134.0,1134.0,0.0,1,0,0,1780000.0,Estable,1,2026-09-16T00:42:16.841463+00:00
4,21/07/2025 16:26,2400000,20,31,Empleado,4000000.0,600000,121740,95.227787,743.0,7,7,0.0,38468.0,38468.0,0.0,3,1,1,2550751.0,Creciente,1,2026-09-16T00:42:16.841463+00:00
4,23/04/2025 11:27,4704000,36,49,Independiente,9600000.0,2000000,153299,95.227787,793.0,7,8,0.0,165239.0,135578.0,0.0,4,0,0,931550.0,Creciente,0,2026-09-16T00:42:16.841463+00:00
4,28/01/2025 19:01,2304000,6,31,Independiente,10400000.0,2300000,342191,95.227787,775.0,1,3,0.0,7964.0,7964.0,0.0,1,0,0,916148.0,Creciente,0,2026-09-16T00:42:16.841463+00:00
9,9/02/2025 19:00,1950362,11,30,Empleado,9600000.0,1800000,151743,95.227787,772.0,4,5,0.0,14698.0,14698.0,0.0,1,0,3,4266666.0,Creciente,0,2026-09-16T00:42:16.841463+00:00
9,19/12/2024 11:00,1887317,10,42,Empleado,4480000.0,1000000,160073,95.227787,813.0,8,4,0.0,45682.0,25767.0,0.0,4,2,0,2568182.0,Decreciente,1,2026-09-16T00:42:16.841463+00:00
4,16/10/2025 10:06,624000,6,36,Independiente,5915200.0,1933000,95044,95.227787,807.0,6,3,0.0,70723.0,70723.0,0.0,1,2,2,984754.0,Creciente,1,2026-09-16T00:42:16.841463+00:00
4,1/02/2025 8:27,6135997,36,55,Empleado,5440000.0,1200000,199967,22.873995,831.0,8,4,0.0,13396.0,13396.0,0.0,3,0,1,1724375.0,Decreciente,0,2026-09-16T00:42:16.841463+00:00
9,23/02/2025 15:40,670200,5,28,Independiente,8000000.0,2000000,108695,95.227787,831.0,7,2,0.0,365231.0,137377.0,0.0,6,0,1,810943.0,Creciente,0,2026-09-16T00:42:16.841463+00:00
4,12/02/2025 17:27,4940880,6,61,Independiente,96000000.0,30000000,733822,95.227787,875.0,16,10,0.0,135318.0,135318.0,0.0,9,1,1,1800710.0,Creciente,1,2026-09-16T00:42:16.841463+00:00
4,18/06/2025 16:07,2803200,6,27,Independiente,12800000.0,3000000,416919,95.227787,752.0,4,21,0.0,17363.0,17363.0,0.0,2,0,1,931394.0,Creciente,0,2026-09-16T00:42:16.841463+00:00
4,22/01/2025 16:03,909480,6,36,Empleado,5120000.0,1500000,126317,95.227787,843.0,5,2,0.0,70195.0,64036.0,0.0,3,0,1,2714391.0,Creciente,1,2026-09-16T00:42:16.841463+00:00
4,21/12/2024 13:35,3342840,12,31,Empleado,3200000.0,450000,262301,95.227787,795.0,2,7,0.0,5105.0,5105.0,0.0,0,1,1,651857.0,Creciente,0,2026-09-16T00:42:16.841463+00:00
4,28/11/2024 18:20,2130240,12,38,Independiente,9600000.0,170000,166805,95.227787,758.0,5,4,0.0,1767.0,1767.0,0.0,2,0,1,,,0,2026-09-16T00:42:16.841463+00:00
9,28/03/2025 15:15,2379607,11,51,Independiente,5440000.0,1200000,185457,92.228643,890.0,9,3,0.0,130807.0,130807.0,0.0,7,0,2,,,1,2026-09-16T00:42:16.841463+00:00
4,3/12/2024 10:41,3450000,12,33,Independiente,4800000.0,2000000,269808,95.227787,769.0,5,11,0.0,9506.0,9506.0,0.0,3,0,0,792895.0,Estable,0,2026-09-16T00:42:16.841463+00:00
10,30/03/2025 16:19,593280,8,30,Empleado,2400000.0,400000,67432,95.227787,805.0,2,6,0.0,24675.0,24675.0,0.0,2,0,0,1705444.0,Creciente,1,2026-09-16T00:42:16.841463+00:00
4,24/06/2025 15:15,2987569,6,41,Empleado,16000000.0,5000000,444315,95.227787,763.0,21,6,0.0,394956.0,394956.0,0.0,17,0,2,950105.0,Creciente,1,2026-09-16T00:42:16.841463+00:00
4,12/08/2025 16:33,8433600,6,35,Independiente,1600000.0,3125000,1269540,95.227787,780.0,5,8,0.0,117867.0,117867.0,0.0,1,1,0,908526.0,Creciente,0,2026-09-16T00:42:16.841463+00:00
4,10/01/2025 16:10,3837300,18,40,Independiente,8800000.0,2000000,211426,95.227787,698.0,11,7,0.0,32297.0,32297.0,0.0,5,1,2,3121600.0,Creciente,0,2026-09-16T00:42:16.841463+00:00
4,19/02/2026 13:18,2618568,8,58,Empleado,5993600.0,113000,313229,95.227787,774.0,5,4,0.0,895.0,895.0,0.0,3,0,2,1160000.0,Estable,1,2026-09-16T00:42:16.841463+00:00
9,25/07/2025 17:20,1412464,9,31,Empleado,4000000.0,1500000,132671,95.227787,736.0,9,2,0.0,12000.0,0.0,0.0,4,0,4,3892524.0,Decreciente,1,2026-09-16T00:42:16.841463+00:00
4,24/02/2025 18:09,3864000,8,57,Independiente,11200000.0,3500000,438615,95.227787,769.0,9,5,0.0,16483.0,16483.0,0.0,4,0,3,1402083.0,Creciente,0,2026-09-16T00:42:16.841463+00:00
4,27/03/2025 11:00,2488320,6,46,Independiente,8000000.0,3000000,369835,95.227787,865.0,6,2,0.0,35687.0,35687.0,0.0,5,0,0,3172000.0,Creciente,1,2026-09-16T00:42:16.841463+00:00
4,15/05/2025 16:25,3584147,36,31,Empleado,1840000.0,200000,116804,47.613894,774.0,2,3,0.0,602.0,602.0,0.0,0,1,0,1133398.0,Creciente,0,2026-09-16T00:42:16.841463+00:00
4,24/04/2025 16:58,964800,6,63,Independiente,6400000.0,1200000,144012,95.227787,747.0,7,8,0.0,35901.0,29040.0,0.0,2,2,1,,,0,2026-09-16T00:42:16.841463+00:00
4,20/03/2025 8:51,1548000,6,29,Empleado,4000000.0,2500000,230077,95.227787,698.0,5,6,0.0,1099.0,1099.0,0.0,0,1,2,844415.0,Decreciente,0,2026-09-16T00:42:16.841463+00:00
4,1/09/2025 14:47,8640000,24,58,Independiente,5552000.0,1374000,400341,95.227787,784.0,5,7,0.0,30997.0,30997.0,0.0,3,0,0,7107518.0,Creciente,1,2026-09-16T00:42:16.841463+00:00
4,2/02/2025 16:31,2247840,12,40,Empleado,3200000.0,700000,176380,92.228643,797.0,6,5,0.0,4656.0,4656.0,0.0,4,0,0,916841.0,Creciente,1,2026-09-16T00:42:16.841463+00:00
9,14/07/2025 11:31,3688895,6,122,Empleado,32719481.6,4889209,503536,-17.884727,0.0,0,0,,,,,0,0,0,,,0,2026-09-16T00:42:16.841463+00:00
9,24/05/2025 15:15,5186496,9,40,Empleado,19200000.0,3000000,485998,95.227787,847.0,9,4,0.0,78629.0,78629.0,0.0,7,0,0,941789.0,Creciente,1,2026-09-16T00:42:16.841463+00:00
4,23/12/2025 16:01,3369360,24,47,Empleado,11004800.0,2269000,161928,95.227787,893.0,4,3,0.0,52758.0,52758.0,0.0,2,0,1,1436000.0,Creciente,1,2026-09-16T00:42:16.841463+00:00
4,21/04/2025 11:46,1063916,6,46,Independiente,9600000.0,0,158120,95.227787,768.0,1,6,0.0,554.0,554.0,0.0,0,0,1,917673.0,Creciente,0,2026-09-16T00:42:16.841463+00:00
9,13/04/2025 16:17,1559587,9,42,Empleado,1600000.0,500000,145861,95.227787,814.0,10,4,0.0,53651.0,43458.0,0.0,4,3,1,1165368.0,Creciente,1,2026-09-16T00:42:16.841463+00:00
4,20/03/2025 15:09,3859793,6,31,Independiente,9600000.0,1800000,573646,95.227787,837.0,5,3,0.0,84426.0,84426.0,0.0,3,0,0,7519139.0,Creciente,1,2026-09-16T00:42:16.841463+00:00
4,19/01/2025 10:25,639708,6,61,Independiente,6080000.0,400000,94946,95.227787,882.0,4,2,0.0,24248.0,1983.0,0.0,1,1,1,,,1,2026-09-16T00:42:16.841463+00:00
4,10/01/2026 17:14,1308000,24,31,Empleado,2708800.0,50000,63670,95.227787,764.0,1,4,0.0,100.0,100.0,0.0,0,0,1,1000000.0,Estable,0,2026-09-16T00:42:16.841463+00:00
4,28/03/2025 17:43,1234200,8,24,Empleado,3520000.0,800000,140106,95.227787,743.0,5,3,0.0,31183.0,22934.0,0.0,0,2,1,2051363.0,Creciente,1,2026-09-16T00:42:16.841463+00:00
4,11/11/2025 14:41,490042,6,24,Empleado,2976000.0,381000,75009,95.227787,753.0,2,1,0.0,6157.0,6157.0,0.0,2,0,0,1081667.0,Decreciente,1,2026-09-16T00:42:16.841463+00:00
4,18/01/2025 8:07,2674560,12,42,Empleado,5600000.0,1000000,185733,95.227787,853.0,5,2,0.0,70940.0,70940.0,0.0,2,0,1,,,1,2026-09-16T00:42:16.841463+00:00
4,17/11/2025 13:23,2244660,6,28,Empleado,4624000.0,1522000,341325,95.227787,776.0,2,6,0.0,6000.0,6000.0,0.0,1,0,0,1433800.0,Creciente,0,2026-09-16T00:42:16.841463+00:00
4,18/12/2024 16:05,2976959,12,54,Empleado,9600000.0,2600000,233592,95.227787,861.0,16,6,0.0,166979.0,166979.0,0.0,10,0,1,7977074.0,Creciente,1,2026-09-16T00:42:16.841463+00:00
4,28/02/2025 9:41,5624245,36,36,Empleado,5120000.0,200000,182406,95.227787,784.0,11,3,0.0,56282.0,47845.0,0.0,6,1,0,1036879.0,Creciente,0,2026-09-16T00:42:16.841463+00:00
4,25/04/2025 12:08,2019600,6,67,Independiente,4800000.0,800000,299966,95.227787,865.0,6,3,0.0,3112.0,3112.0,0.0,3,0,1,1238358.0,Decreciente,1,2026-09-16T00:42:16.841463+00:00
4,18/01/2025 16:39,1655340,12,37,Empleado,2720000.0,300000,114954,95.227787,789.0,12,9,0.0,7779.0,7779.0,0.0,4,0,7,1182079.0,Creciente,0,2026-09-16T00:42:16.841463+00:00
4,24/04/2025 16:57,3111065,24,41,Empleado,4160000.0,100000,138629,95.227787,779.0,7,5,0.0,50130.0,23130.0,0.0,3,2,2,1198083.0,Creciente,0,2026-09-16T00:42:16.841463+00:00
4,4/12/2024 14:57,2160000,10,40,Independiente,3200000.0,800000,199737,95.227787,817.0,2,3,0.0,975.0,975.0,0.0,1,0,1,,,0,2026-09-16T00:42:16.841463+00:00
4,14/04/2025 16:39,2267880,12,61,Independiente,4800000.0,500000,178470,95.227787,781.0,2,2,0.0,4367.0,4367.0,0.0,1,0,1,939017.0,Creciente,0,2026-09-16T00:42:16.841463+00:00
4,29/08/2025 15:31,1996800,12,29,Empleado,4800000.0,730000,161726,95.227787,790.0,6,5,0.0,23879.0,23879.0,0.0,4,0,0,2262922.0,Creciente,1,2026-09-16T00:42:16.841463+00:00
9,8/03/2025 11:35,854994,10,32,Empleado,3520000.0,1000000,72593,95.227787,821.0,5,1,0.0,34038.0,34000.0,0.0,3,0,0,,,1,2026-09-16T00:42:16.841463+00:00
4,6/12/2024 11:20,2373600,6,39,Independiente,16000000.0,3000000,351901,95.227787,771.0,8,3,0.0,44079.0,44079.0,0.0,3,0,2,1200000.0,Estable,0,2026-09-16T00:42:16.841463+00:00
9,2/04/2025 14:44,2110321,10,51,Independiente,8000000.0,2500000,179270,95.227787,720.0,6,6,0.0,23764.0,23764.0,0.0,1,0,2,908526.0,Creciente,0,2026-09-16T00:42:16.841463+00:00
9,23/03/2025 13:04,878880,5,49,Independiente,6400000.0,2000000,142581,95.227787,750.0,11,3,0.0,87570.0,87570.0,0.0,5,1,4,777294.0,Creciente,1,2026-09-16T00:42:16.841463+00:00
9,27/03/2025 11:26,1604400,3,62,Independiente,6400000.0,2000000,425775,95.227787,835.0,5,2,0.0,19303.0,19303.0,0.0,4,0,0,925157.0,Creciente,1,2026-09-16T00:42:16.841463+00:00
4,7/09/2025 10:32,940800,12,38,Empleado,3104000.0,321000,76668,95.227787,784.0,1,3,0.0,345.0,345.0,0.0,1,0,0,1000000.0,Estable,1,2026-09-16T00:42:16.841463+00:00
4,26/12/2024 18:56,2502840,18,41,Empleado,4960000.0,2000000,138279,95.227787,772.0,5,7,0.0,6664.0,6664.0,0.0,3,0,1,825244.0,Creciente,0,2026-09-16T00:42:16.841463+00:00
9,14/12/2024 11:01,2027227,9,64,Empleado,3520000.0,1000000,189054,95.227787,805.0,3,3,0.0,40363.0,40363.0,0.0,3,0,0,2181057.0,Estable,1,2026-09-16T00:42:16.841463+00:00
9,29/06/2025 18:12,1398052,9,44,Independiente,5600000.0,900000,131066,95.227787,800.0,4,3,0.0,2720.0,2720.0,0.0,1,0,2,,,1,2026-09-16T00:42:16.841463+00:00
4,16/05/2025 12:22,600000,6,23,Independiente,2240000.0,650000,89419,44.963158,697.0,2,3,0.0,8037.0,8037.0,0.0,0,1,0,1379424.0,Creciente,1,2026-09-16T00:42:16.841463+00:00
4,27/02/2025 13:37,1412280,12,36,Empleado,1760000.0,350000,111093,95.227787,776.0,8,3,0.0,4597.0,4597.0,0.0,4,0,2,902469.0,Creciente,1,2026-09-16T00:42:16.841463+00:00
4,9/01/2025 15:10,1201081,6,25,Independiente,4000000.0,550000,166817,95.227787,786.0,2,5,0.0,31605.0,31605.0,0.0,0,0,2,908526.0,Estable,0,2026-09-16T00:42:16.841463+00:00
4,8/02/2025 14:54,960000,6,59,Independiente,6080000.0,800000,142586,95.227787,798.0,0,4,0.0,0.0,,,0,0,0,,,0,2026-09-16T00:42:16.841463+00:00
9,26/04/2025 11:44,4390122,5,122,Empleado,7097473.600000001,2060000,711589,89.979287,0.0,0,0,,,,,0,0,0,,,0,2026-09-16T00:42:16.841463+00:00
4,30/01/2025 15:52,4798680,12,41,Empleado,6080000.0,180000,377005,95.227787,715.0,7,8,0.0,2196.0,2196.0,0.0,1,0,2,2053335.0,Creciente,0,2026-09-16T00:42:16.841463+00:00
4,24/06/2025 17:39,4977703,36,37,Empleado,5760000.0,100000,170953,95.227787,733.0,2,5,0.0,12821.0,12821.0,0.0,1,0,0,759986.0,Creciente,0,2026-09-16T00:42:16.841463+00:00
9,6/04/2025 15:13,3895405,11,48,Empleado,6400000.0,1200000,303592,95.227787,709.0,7,4,0.0,9477.0,9477.0,0.0,3,0,2,466736.0,Creciente,0,2026-09-16T00:42:16.841463+00:00
9,2/11/2025 17:53,5009214,9,41,Empleado,6928000.0,2620000,482486,95.227787,861.0,11,6,0.0,108392.0,108392.0,0.0,7,0,1,3862682.0,Creciente,1,2026-09-16T00:42:16.841463+00:00
4,5/04/2025 10:51,1404000,6,30,Empleado,9600000.0,1500000,208722,-15.473246,700.0,12,9,0.0,132906.0,117889.0,0.0,4,2,3,10203931.0,Estable,1,2026-09-16T00:42:16.841463+00:00
9,1/03/2025 10:24,4610788,9,122,Empleado,16607292.8,1326623,431020,95.227787,0.0,0,0,,,,,0,0,0,,,0,2026-09-16T00:42:16.841463+00:00
4,7/01/2025 16:51,3011880,12,43,Empleado,4000000.0,900000,209158,72.686129,808.0,7,5,0.0,3491.0,3491.0,0.0,3,0,2,1792161.0,Decreciente,1,2026-09-16T00:42:16.841463+00:00
9,22/05/2025 11:05,878880,2,26,Independiente,8000000.0,2000000,346790,95.227787,694.0,4,7,0.0,2591.0,2591.0,0.0,2,0,1,2583814.0,Creciente,0,2026-09-16T00:42:16.841463+00:00
4,7/04/2025 8:58,7300000,12,32,Independiente,4800000.0,2000000,574469,95.227787,764.0,2,7,0.0,9085.0,9085.0,0.0,1,1,0,,,0,2026-09-16T00:42:16.841463+00:00
4,14/12/2024 16:52,3180752,36,52,Empleado,5120000.0,200000,102957,-4.727537,726.0,6,6,0.0,10035.0,10035.0,0.0,4,0,1,1013281.0,Decreciente,0,2026-09-16T00:42:16.841463+00:00
9,2/11/2025 16:41,2231669,9,34,Empleado,13392000.0,5187000,214954,95.227787,747.0,7,10,0.0,55852.0,55852.0,0.0,6,0,1,4547807.0,Creciente,0,2026-09-16T00:42:16.841463+00:00
4,13/03/2025 17:49,1767888,6,69,Independiente,6400000.0,210000,262580,95.227787,851.0,4,3,0.0,0.0,0.0,0.0,4,0,0,,,1,2026-09-16T00:42:16.841463+00:00
4,3/03/2026 11:01,2664000,12,37,Empleado,5084800.0,1004000,226379,95.227787,721.0,11,1,0.0,20521.0,20521.0,0.0,6,2,2,4272656.0,Decreciente,1,2026-09-16T00:42:16.841463+00:00
4,18/03/2025 18:05,617460,6,54,Independiente,12800000.0,3000000,91710,95.227787,747.0,6,7,0.0,4433.0,1916.0,0.0,0,0,6,,,0,2026-09-16T00:42:16.841463+00:00
4,6/09/2025 18:48,8496000,18,49,Independiente,8000000.0,2716000,484871,95.227787,812.0,5,1,0.0,155921.0,146940.0,0.0,1,2,1,,,1,2026-09-16T00:42:16.841463+00:00
4,25/12/2025 10:42,1132428,6,50,Empleado,3841600.0,0,174087,95.227787,818.0,0,0,0.0,0.0,,,0,0,0,958333.0,Creciente,1,2026-09-16T00:42:16.841463+00:00
9,17/04/2025 14:56,10414214,10,43,Independiente,16000000.0,4000000,885604,95.227787,816.0,1,8,0.0,70.0,70.0,0.0,0,0,0,,,0,2026-09-16T00:42:16.841463+00:00
4,30/05/2025 12:48,763200,12,46,Independiente,4800000.0,700000,61284,95.227787,712.0,11,8,0.0,15947.0,15947.0,0.0,6,0,3,1041014.0,Creciente,0,2026-09-16T00:42:16.841463+00:00
4,21/01/2025 12:33,941879,12,52,Empleado,2224000.0,400000,65408,95.227787,816.0,6,6,0.0,22971.0,22971.0,0.0,6,0,0,1277250.0,Creciente,1,2026-09-16T00:42:16.841463+00:00
9,21/06/2025 11:11,1207216,9,27,Independiente,3200000.0,1500000,113176,91.410695,718.0,10,18,0.0,12639.0,12639.0,0.0,3,0,2,2725500.0,Estable,0,2026-09-16T00:42:16.841463+00:00
4,28/01/2025 19:09,372960,6,50,Independiente,2880000.0,600000,55317,95.227787,813.0,7,5,0.0,3555.0,3555.0,0.0,5,0,0,908526.0,Estable,1,2026-09-16T00:42:16.841463+00:00
4,9/11/2025 9:04,3942000,36,48,Empleado,7216000.0,633000,146432,95.227787,849.0,6,4,0.0,15068.0,15068.0,0.0,6,0,0,1000000.0,Creciente,0,2026-09-16T00:42:16.841463+00:00
4,3/02/2025 15:03,1020428,6,45,Empleado,5600000.0,2500000,151802,95.227787,754.0,7,6,0.0,8431.0,8431.0,0.0,2,0,5,3363547.0,Creciente,0,2026-09-16T00:42:16.841463+00:00
4,9/12/2024 10:53,1031760,6,54,Empleado,2880000.0,600000,153140,95.227787,813.0,5,2,0.0,28840.0,20349.0,0.0,0,1,1,1934611.0,Creciente,1,2026-09-16T00:42:16.841463+00:00
4,27/04/2025 16:25,738000,12,60,Empleado,1760000.0,0,58861,95.227787,801.0,0,0,0.0,0.0,,,0,0,0,1155435.0,Creciente,1,2026-09-16T00:42:16.841463+00:00
4,12/08/2025 17:04,1183200,10,45,Empleado,4496000.0,600000,112367,95.227787,764.0,5,4,0.0,9783.0,9783.0,0.0,2,0,0,1979166.0,Creciente,1,2026-09-16T00:42:16.841463+00:00
4,10/08/2025 16:04,3014400,24,51,Independiente,1600000.0,4753000,138090,95.227787,865.0,5,4,0.0,7757.0,7757.0,0.0,1,0,0,992727.0,Creciente,1,2026-09-16T00:42:16.841463+00:00
4,19/04/2025 10:53,3531840,36,27,Empleado,3200000.0,150000,117303,7.636112,720.0,17,13,0.0,91369.0,57312.0,0.0,6,0,6,1689955.0,Creciente,0,2026-09-16T00:42:16.841463+00:00
4,3/11/2025 11:32,840000,6,56,Independiente,3184000.0,0,127944,95.227787,812.0,0,2,0.0,0.0,,,0,0,0,532317.0,Creciente,1,2026-09-16T00:42:16.841463+00:00
4,1/07/2025 12:48,4200000,6,59,Independiente,8000000.0,0,626951,95.227787,821.0,17,7,0.0,65114.0,6172.0,0.0,16,0,0,954263.0,Creciente,1,2026-09-16T00:42:16.841463+00:00
4,26/05/2025 16:04,1385567,6,46,Independiente,2080000.0,0,206818,95.227787,756.0,7,3,0.0,55654.0,22994.0,0.0,4,0,1,,,1,2026-09-16T00:42:16.841463+00:00
9,15/05/2025 10:46,1604400,3,50,Independiente,6400000.0,2000000,425941,95.227787,830.0,7,6,0.0,93449.0,44314.0,0.0,4,0,2,939017.0,Creciente,1,2026-09-16T00:42:16.841463+00:00
4,16/01/2025 18:32,1657200,8,46,Empleado,7680000.0,250000,187796,91.028987,813.0,5,4,0.0,176549.0,127158.0,0.0,1,1,1,,,1,2026-09-16T00:42:16.841463+00:00
10,22/12/2025 18:03,3115440,36,34,Empleado,4268800.0,279000,115083,95.227787,738.0,9,7,0.0,44021.0,44021.0,0.0,5,0,3,3111556.0,Creciente,0,2026-09-16T00:42:16.841463+00:00
4,25/03/2025 18:00,5775240,6,56,Empleado,12800000.0,2000000,858322,95.227787,785.0,23,4,0.0,166167.0,166167.0,0.0,22,0,0,14238429.0,Creciente,1,2026-09-16T00:42:16.841463+00:00
10,28/07/2025 15:12,10117380,36,26,Empleado,3200000.0,500000,341495,95.227787,683.0,6,3,0.0,14091.0,14091.0,0.0,1,1,1,2062149.0,Creciente,1,2026-09-16T00:42:16.841463+00:00
4,26/02/2025 16:01,2225640,6,28,Empleado,2400000.0,500000,330794,95.227787,841.0,2,7,0.0,1478.0,1478.0,0.0,1,0,0,1018181.0,Creciente,0,2026-09-16T00:42:16.841463+00:00
4,16/02/2025 10:15,3196612,12,48,Independiente,7200000.0,1000000,251867,95.227787,763.0,6,5,0.0,3582.0,3582.0,0.0,2,0,2,,,0,2026-09-16T00:42:16.841463+00:00
9,13/03/2025 10:24,3147706,10,42,Empleado,5600000.0,2000000,267254,95.227787,822.0,8,4,0.0,152851.0,152851.0,0.0,5,0,1,7090712.0,Decreciente,1,2026-09-16T00:42:16.841463+00:00
4,15/04/2025 15:11,2737800,12,37,Empleado,3040000.0,400000,217065,95.227787,822.0,3,4,0.0,2109.0,2109.0,0.0,1,0,1,1378464.0,Creciente,0,2026-09-16T00:42:16.841463+00:00
4,12/05/2025 16:50,2969752,6,33,Independiente,10720000.0,900000,441490,95.227787,730.0,7,4,0.0,4461.0,4461.0,0.0,6,0,0,2680000.0,Estable,1,2026-09-16T00:42:16.841463+00:00
4,29/05/2025 15:59,539520,6,47,Empleado,2400000.0,600000,80532,95.227787,746.0,3,5,0.0,14365.0,14365.0,0.0,2,0,1,870265.0,Creciente,1,2026-09-16T00:42:16.841463+00:00
4,3/01/2025 16:51,549120,12,45,Empleado,2880000.0,500000,43034,95.227787,826.0,5,8,0.0,35362.0,35362.0,0.0,5,0,0,1642073.0,Creciente,1,2026-09-16T00:42:16.841463+00:00
9,8/01/2025 17:54,3583786,9,24,Empleado,7110400.0,1500000,333095,91.728786,555.0,8,8,0.0,103012.0,103012.0,0.0,4,0,2,4088594.0,Creciente,0,2026-09-16T00:42:16.841463+00:00
4,11/04/2025 8:29,3720000,6,54,Independiente,12800000.0,2000000,552870,95.227787,877.0,6,4,0.0,13462.0,13462.0,0.0,4,0,0,931394.0,Creciente,0,2026-09-16T00:42:16.841463+00:00
4,28/01/2025 17:26,2054038,12,31,Empleado,2720000.0,700000,161374,95.227787,786.0,3,5,0.0,0.0,0.0,0.0,1,0,0,445252.0,Decreciente,0,2026-09-16T00:42:16.841463+00:00
4,1/04/2025 10:52,2808000,12,48,Empleado,4000000.0,1000000,220974,95.227787,759.0,5,4,0.0,37444.0,37444.0,0.0,3,0,2,,,0,2026-09-16T00:42:16.841463+00:00
4,31/01/2026 19:15,2280360,12,42,Empleado,2784000.0,162000,190306,95.227787,753.0,2,0,0.0,162.0,162.0,0.0,0,0,2,1441539.0,Creciente,1,2026-09-16T00:42:16.841463+00:00
4,31/03/2025 18:10,7689000,12,51,Empleado,14080000.0,4000000,604081,95.227787,784.0,10,4,0.0,134167.0,134167.0,0.0,4,3,1,7752503.0,Creciente,1,2026-09-16T00:42:16.841463+00:00
4,12/04/2025 14:48,2437200,24,36,Empleado,3200000.0,0,84625,-18.471029,758.0,2,16,0.0,55.0,55.0,0.0,0,0,0,1246874.0,Decreciente,0,2026-09-16T00:42:16.841463+00:00
4,9/01/2025 9:24,655200,8,36,Empleado,4800000.0,800000,74342,95.227787,856.0,6,8,0.0,22698.0,22698.0,0.0,2,0,1,2079000.0,Creciente,1,2026-09-16T00:42:16.841463+00:00
9,26/12/2024 18:09,918965,10,37,Empleado,2400000.0,800000,77942,95.227787,780,5,0,0,5166,5166,,1,0,3,,,1,2026-09-16T00:42:16.841463+00:00
9,6/12/2024 12:52,1379983,10,32,Empleado,4000000.0,200000,116860,95.227787,887,7,0,0,39320,39320,,1,0,4,,,1,2026-09-16T00:42:16.841463+00:00
4,23/12/2024 10:34,1879200,6,56,Independiente,3200000.0,500000,278911,4.018321,801.0,5,1,0.0,1209.0,1209.0,0.0,1,0,2,,,1,2026-09-16T00:42:16.841463+00:00
4,15/01/2025 12:26,2212680,6,33,Independiente,4000000.0,800000,307317,95.227787,783.0,2,0,0.0,3772.0,3772.0,0.0,0,0,1,878319.0,Creciente,1,2026-09-16T00:42:16.841463+00:00
9,23/02/2025 14:06,1143631,8,54,Empleado,8000000.0,2000000,119174,53.340597,770.0,5,4,0.0,38293.0,38293.0,0.0,4,0,1,,,1,2026-09-16T00:42:16.841463+00:00
4,20/02/2025 16:22,3690180,12,39,Empleado,5600000.0,1500000,289536,95.227787,755.0,5,6,0.0,64299.0,64299.0,0.0,1,0,1,,,0,2026-09-16T00:42:16.841463+00:00
9,5/07/2025 9:10,2588608,9,56,Independiente,5987200.0,3742000,242680,95.227787,745.0,7,19,0.0,74031.0,66961.0,0.0,4,1,2,954263.0,Creciente,0,2026-09-16T00:42:16.841463+00:00
4,6/04/2025 16:51,1199880,6,68,Independiente,3200000.0,700000,178387,95.227787,781.0,4,4,0.0,3801.0,3801.0,0.0,3,0,0,941789.0,Creciente,1,2026-09-16T00:42:16.841463+00:00
9,21/12/2024 9:15,2403689,10,51,Empleado,4800000.0,0,203870,95.227787,734.0,0,2,0.0,0.0,,,0,0,0,905965.0,Creciente,1,2026-09-16T00:42:16.841463+00:00
4,20/05/2025 10:07,1264800,6,45,Independiente,9600000.0,2000000,189421,95.227787,735.0,10,4,0.0,55075.0,55075.0,0.0,6,0,2,1022350.0,Decreciente,1,2026-09-16T00:42:16.841463+00:00
9,6/04/2025 15:50,1498992,3,47,Independiente,8000000.0,2000000,397801,95.227787,808.0,4,2,0.0,2837.0,2447.0,0.0,1,0,2,1323083.0,Creciente,0,2026-09-16T00:42:16.841463+00:00
4,2/01/2025 11:01,1487880,12,29,Empleado,4000000.0,500000,103325,95.227787,767.0,2,4,0.0,23275.0,23275.0,0.0,2,0,0,890463.0,Creciente,1,2026-09-16T00:42:16.841463+00:00
4,4/01/2025 17:27,1633080,12,43,Independiente,2880000.0,700000,113408,95.227787,710.0,5,3,0.0,1765.0,1765.0,0.0,0,0,5,,,0,2026-09-16T00:42:16.841463+00:00
4,3/01/2025 13:00,1863480,12,33,Empleado,3360000.0,150000,129408,90.562453,746.0,5,6,0.0,32483.0,32483.0,0.0,2,1,2,2269803.0,Creciente,1,2026-09-16T00:42:16.841463+00:00
4,22/08/2025 8:40,4200000,6,42,Independiente,8416000.0,2682000,632178,95.227787,810.0,6,1,0.0,53939.0,53939.0,0.0,5,0,0,,,1,2026-09-16T00:42:16.841463+00:00
4,1/04/2025 18:37,2377080,6,37,Empleado,4800000.0,700000,353382,95.227787,790.0,3,16,0.0,1124.0,1124.0,0.0,2,1,0,1580471.0,Creciente,0,2026-09-16T00:42:16.841463+00:00
4,10/01/2025 17:39,2940000,12,29,Independiente,3200000.0,800000,230676,95.227787,837.0,2,2,0.0,0.0,0.0,0.0,1,0,0,1200000.0,Estable,0,2026-09-16T00:42:16.841463+00:00
9,16/05/2025 11:54,548232,2,43,Independiente,8000000.0,2000000,216259,95.227787,711.0,4,4,0.0,3323.0,3323.0,0.0,0,1,2,454263.0,Decreciente,1,2026-09-16T00:42:16.841463+00:00
9,28/03/2025 13:08,1709262,10,37,Empleado,6400000.0,1200000,145200,69.456282,722.0,6,13,0.0,37083.0,37083.0,0.0,2,0,4,1060215.0,Creciente,0,2026-09-16T00:42:16.841463+00:00
9,20/07/2025 9:46,5762640,12,39,Independiente,6400000.0,2000000,400183,-15.473246,287.0,4,7,4973.0,6800.0,6800.0,0.0,1,0,2,1000000.0,Creciente,0,2026-09-16T00:42:16.841463+00:00
4,4/10/2025 11:36,576000,6,25,Empleado,3040000.0,274000,87587,95.227787,795.0,4,5,0.0,9434.0,9434.0,0.0,1,0,1,1641600.0,Creciente,1,2026-09-16T00:42:16.841463+00:00
9,27/06/2025 15:28,1852966,9,50,Independiente,4800000.0,1000000,173714,95.227787,812.0,4,5,0.0,5000.0,5000.0,0.0,2,0,2,,,1,2026-09-16T00:42:16.841463+00:00
4,28/02/2025 10:59,4240080,6,31,Empleado,3520000.0,1000000,629314,95.227787,792.0,6,5,0.0,7652.0,7652.0,0.0,2,0,2,,,0,2026-09-16T00:42:16.841463+00:00
4,28/02/2025 11:07,912000,6,21,Independiente,2400000.0,100000,135917,-11.219562,761.0,1,4,0.0,3228.0,3228.0,0.0,0,0,1,908526.0,Estable,0,2026-09-16T00:42:16.841463+00:00
9,12/12/2024 11:29,3498317,11,121,Empleado,14663616.0,6784510,271713,95.227787,0.0,0,0,,,,,0,0,0,,,0,2026-09-16T00:42:16.841463+00:00
4,12/03/2025 8:48,1080000,12,26,Empleado,2080000.0,150000,85365,95.227787,729.0,4,6,0.0,1176.0,1176.0,0.0,1,0,3,300000.0,Estable,0,2026-09-16T00:42:16.841463+00:00
4,10/12/2024 18:54,554400,6,46,Empleado,7200000.0,600000,82312,95.227787,796.0,13,2,0.0,299151.0,299150.0,0.0,9,0,1,,,1,2026-09-16T00:42:16.841463+00:00
4,24/11/2025 10:58,1009200,6,24,Independiente,3088000.0,1325000,154732,95.227787,674.0,11,2,0.0,5601.0,5601.0,0.0,2,0,9,347974.0,Creciente,0,2026-09-16T00:42:16.841463+00:00
4,8/01/2025 16:50,2824561,12,51,Empleado,2560000.0,300000,196150,95.227787,880.0,4,3,0.0,18906.0,906.0,0.0,2,0,2,1658890.0,Creciente,1,2026-09-16T00:42:16.841463+00:00
4,24/02/2025 13:39,840000,8,43,Independiente,2720000.0,800000,95273,-17.221953,830.0,2,2,0.0,100473.0,100473.0,0.0,1,0,0,924166.0,Creciente,1,2026-09-16T00:42:16.841463+00:00
4,24/12/2024 13:00,2250000,6,54,Independiente,3200000.0,500000,334034,95.227787,863.0,4,2,0.0,41058.0,41058.0,0.0,1,1,0,,,1,2026-09-16T00:42:16.841463+00:00
4,18/07/2025 13:07,1745191,6,52,Empleado,6880000.0,2000000,262968,95.227787,801.0,7,6,0.0,132175.0,132175.0,0.0,4,0,0,4365302.0,Decreciente,1,2026-09-16T00:42:16.841463+00:00
9,16/03/2025 14:14,2794068,11,38,Empleado,4960000.0,1000000,217634,95.227787,755.0,8,2,0.0,63452.0,63452.0,0.0,1,2,5,,,1,2026-09-16T00:42:16.841463+00:00
9,13/06/2025 9:54,1530929,9,51,Independiente,1760000.0,800000,143455,95.227787,847.0,1,0,0.0,0.0,0.0,0.0,1,0,0,,,1,2026-09-16T00:42:16.841463+00:00
4,13/04/2025 9:45,924000,8,59,Empleado,1600000.0,160000,105559,95.227787,832.0,3,0,0.0,2536.0,2536.0,0.0,2,0,1,939017.0,Creciente,1,2026-09-16T00:42:16.841463+00:00
4,11/02/2025 16:58,2138400,10,55,Empleado,2560000.0,400000,197669,95.227787,846.0,4,2,0.0,291.0,291.0,0.0,1,0,2,1122763.0,Creciente,1,2026-09-16T00:42:16.841463+00:00
4,15/02/2025 10:46,2373600,24,31,Empleado,3200000.0,800000,103765,95.227787,813.0,4,3,0.0,53902.0,53902.0,0.0,2,0,0,1300000.0,Estable,0,2026-09-16T00:42:16.841463+00:00
4,14/01/2025 14:14,954000,12,35,Independiente,4800000.0,340000,75074,95.227787,722.0,6,8,0.0,3832.0,3832.0,0.0,2,0,3,30285.0,Estable,0,2026-09-16T00:42:16.841463+00:00
4,23/03/2025 9:39,1547880,10,38,Empleado,2880000.0,720000,143375,95.227787,775.0,4,3,0.0,156331.0,156331.0,0.0,3,0,0,,,1,2026-09-16T00:42:16.841463+00:00
4,29/06/2025 16:56,2411280,6,53,Empleado,1920000.0,600000,357487,95.227787,814.0,3,2,0.0,15679.0,0.0,0.0,0,2,0,,,1,2026-09-16T00:42:16.841463+00:00
4,26/11/2024 14:32,903960,12,55,Empleado,2400000.0,500000,70664,95.227787,879.0,3,0,0.0,0.0,0.0,0.0,1,0,1,903405.0,Creciente,1,2026-09-16T00:42:16.841463+00:00
9,19/03/2025 11:02,3103392,5,47,Independiente,6400000.0,2000000,503464,95.227787,803.0,12,4,0.0,269961.0,269961.0,0.0,9,0,1,1590909.0,Creciente,1,2026-09-16T00:42:16.841463+00:00
9,16/07/2025 10:34,955049,10,42,Empleado,4000000.0,2000000,81514,95.227787,906.0,10,7,0.0,72868.0,72868.0,0.0,7,1,0,469405.0,Creciente,1,2026-09-16T00:42:16.841463+00:00
9,30/04/2025 11:00,878880,5,29,Independiente,8000000.0,2000000,142664,89.979287,680.0,5,5,0.0,10446.0,1224.0,0.0,0,0,4,,,0,2026-09-16T00:42:16.841463+00:00
4,24/01/2025 17:09,867480,6,61,Empleado,2176000.0,0,128844,95.227787,839.0,1,0,0.0,3376.0,3376.0,0.0,0,1,0,916148.0,Creciente,1,2026-09-16T00:42:16.841463+00:00
4,9/09/2025 17:13,1057762,6,28,Empleado,3504000.0,963000,160566,95.227787,760.0,2,2,0.0,1113.0,1113.0,0.0,2,0,0,2286666.0,Creciente,1,2026-09-16T00:42:16.841463+00:00
4,17/07/2025 15:22,1475107,6,49,Empleado,9600000.0,1500000,219094,95.227787,821.0,5,2,0.0,1065.0,1065.0,0.0,2,0,0,922222.0,Creciente,1,2026-09-16T00:42:16.841463+00:00
4,3/02/2025 17:15,4585859,12,34,Empleado,8800000.0,3000000,359837,95.227787,723.0,7,1,0.0,41118.0,41118.0,0.0,1,0,4,4994330.0,Creciente,1,2026-09-16T00:42:16.841463+00:00
9,11/12/2024 17:40,1645367,10,54,Empleado,3200000.0,1500000,139333,95.227787,912.0,3,2,0.0,12617.0,12617.0,0.0,1,1,0,2598922.0,Creciente,1,2026-09-16T00:42:16.841463+00:00
10,6/01/2025 17:28,8640000,36,28,Empleado,2080000.0,400000,279360,95.227787,795.0,1,2,0.0,0.0,0.0,0.0,1,0,0,738934.0,Creciente,0,2026-09-16T00:42:16.841463+00:00
4,24/03/2025 11:28,604800,10,62,Independiente,4480000.0,1000000,56025,95.227787,766.0,2,4,0.0,517.0,517.0,0.0,1,0,0,908526.0,Estable,1,2026-09-16T00:42:16.841463+00:00
4,29/11/2024 16:13,2090760,6,44,Empleado,5280000.0,1000000,309968,95.227787,834.0,6,4,0.0,73647.0,17924.0,0.0,5,0,1,3817076.0,Creciente,1,2026-09-16T00:42:16.841463+00:00
4,7/12/2024 16:18,3000000,6,29,Empleado,17600000.0,3000000,445379,95.227787,765.0,5,9,0.0,50283.0,50283.0,0.0,2,0,1,7127773.0,Creciente,0,2026-09-16T00:42:16.841463+00:00
4,11/02/2025 14:28,1722960,6,38,Empleado,4320000.0,500000,255907,95.227787,806.0,5,4,0.0,34531.0,34531.0,0.0,4,0,1,2460960.0,Decreciente,1,2026-09-16T00:42:16.841463+00:00
4,27/07/2025 8:42,403200,6,45,Independiente,1600000.0,1610000,60755,95.227787,724.0,6,4,0.0,13444.0,13444.0,0.0,5,0,1,1000000.0,Estable,1,2026-09-16T00:42:16.841463+00:00
4,20/01/2025 17:50,4307522,24,36,Independiente,6080000.0,650000,188308,95.227787,722.0,9,3,0.0,1349.0,1349.0,0.0,1,0,8,30285.0,Estable,0,2026-09-16T00:42:16.841463+00:00
9,11/05/2025 9:43,1159816,10,32,Empleado,2400000.0,600000,98628,95.227787,764.0,5,2,0.0,1629.0,1629.0,0.0,2,1,0,30285.0,Creciente,1,2026-09-16T00:42:16.841463+00:00
9,13/07/2025 11:16,1185660,4,29,Independiente,8000000.0,2000000,238495,95.227787,820.0,9,2,0.0,44537.0,44537.0,0.0,2,3,3,2531104.0,Creciente,1,2026-09-16T00:42:16.841463+00:00
4,31/08/2025 18:43,3038880,12,34,Independiente,4171200.0,1296000,243922,95.227787,785.0,5,6,0.0,19926.0,19926.0,0.0,4,0,0,1939366.0,Creciente,0,2026-09-16T00:42:16.841463+00:00
9,10/12/2025 15:01,3749236,4,36,Empleado,8432000.0,3144000,766465,95.227787,808.0,7,7,0.0,117892.0,117892.0,0.0,6,0,1,13922498.0,Creciente,1,2026-09-16T00:42:16.841463+00:00
4,22/01/2025 14:06,1661520,12,52,Independiente,4800000.0,300000,130124,95.227787,756.0,8,1,0.0,106320.0,69900.0,0.0,0,2,4,,,1,2026-09-16T00:42:16.841463+00:00
9,10/04/2025 14:32,3585025,10,42,Independiente,8000000.0,2000000,304544,95.227787,778.0,1,2,0.0,53.0,53.0,0.0,0,0,1,931394.0,Creciente,0,2026-09-16T00:42:16.841463+00:00
9,11/07/2025 12:38,2637378,5,65,Independiente,12800000.0,5000000,428484,95.227787,845.0,5,3,0.0,40838.0,40838.0,0.0,3,0,1,954263.0,Creciente,1,2026-09-16T00:42:16.841463+00:00
4,5/03/2025 10:27,2696280,8,25,Empleado,3200000.0,850000,306348,95.227787,833.0,1,2,0.0,2533.0,2533.0,0.0,1,0,0,4303585.0,Creciente,1,2026-09-16T00:42:16.841463+00:00
4,11/07/2025 14:37,2969071,6,35,Independiente,9600000.0,0,444659,95.227787,734.0,11,5,0.0,140710.0,127358.0,0.0,4,0,5,4452085.0,Creciente,1,2026-09-16T00:42:16.841463+00:00
9,13/01/2025 18:39,3017808,12,36,Empleado,3200000.0,1000000,236053,90.562453,831.0,5,2,0.0,145606.0,145606.0,0.0,5,0,0,4146138.0,Creciente,1,2026-09-16T00:42:16.841463+00:00
9,21/06/2025 18:30,2172230,4,45,Independiente,8000000.0,3000000,436943,95.227787,762.0,14,9,0.0,113467.0,110348.0,0.0,8,0,3,950105.0,Creciente,0,2026-09-16T00:42:16.841463+00:00
4,10/01/2025 16:14,3931081,12,65,Empleado,19200000.0,2500000,272992,95.227787,878.0,4,2,0.0,157.0,157.0,0.0,2,0,0,916148.0,Creciente,1,2026-09-16T00:42:16.841463+00:00
9,22/12/2025 13:16,5167176,10,50,Empleado,51819200.0,7013000,458032,95.227787,905.0,13,1,0.0,184722.0,184722.0,0.0,9,0,0,11022887.0,Creciente,1,2026-09-16T00:42:16.841463+00:00
9,5/04/2025 13:00,1890746,10,46,Empleado,8800000.0,2800000,160617,95.227787,841.0,9,0,0.0,114918.0,114918.0,0.0,7,1,0,5800575.0,Creciente,1,2026-09-16T00:42:16.841463+00:00
4,17/09/2025 17:57,3493200,6,52,Independiente,6928000.0,1100000,524993,95.227787,825.0,10,2,0.0,92093.0,85709.0,0.0,8,0,1,972557.0,Creciente,1,2026-09-16T00:42:16.841463+00:00
4,15/01/2025 11:06,2000400,6,66,Empleado,2240000.0,240000,296708,95.227787,760.0,3,2,0.0,19497.0,19497.0,0.0,2,0,0,916148.0,Creciente,1,2026-09-16T00:42:16.841463+00:00
9,23/04/2025 16:27,1017451,10,21,Independiente,1920000.0,700000,86522,95.227787,688.0,0,2,0.0,0.0,,,0,0,0,,,0,2026-09-16T00:42:16.841463+00:00
4,7/02/2025 13:19,1494000,12,32,Empleado,4000000.0,800000,117365,95.227787,817.0,6,5,0.0,38704.0,38704.0,0.0,4,0,0,2116723.0,Decreciente,1,2026-09-16T00:42:16.841463+00:00
4,2/02/2025 15:07,1632120,12,30,Independiente,3200000.0,200000,127901,61.221842,810.0,5,5,0.0,1003.0,1003.0,0.0,3,0,1,,,0,2026-09-16T00:42:16.841463+00:00
9,20/08/2025 13:31,1267478,10,39,Empleado,1936000.0,459000,108180,95.227787,855.0,8,2,0.0,2197.0,2197.0,0.0,5,0,0,1210000.0,Estable,1,2026-09-16T00:42:16.841463+00:00
9,9/05/2025 10:01,1498992,5,59,Independiente,8000000.0,2000000,243323,95.227787,809.0,7,2,0.0,104329.0,104329.0,0.0,5,0,2,939017.0,Creciente,1,2026-09-16T00:42:16.841463+00:00
4,26/03/2025 10:33,9000000,12,37,Independiente,8000000.0,2000000,707079,95.227787,831.0,7,2,0.0,26206.0,26206.0,0.0,6,0,0,767199.0,Decreciente,0,2026-09-16T00:42:16.841463+00:00
4,6/12/2024 17:21,4044360,36,27,Empleado,4800000.0,300000,130483,95.227787,755.0,5,12,0.0,19720.0,19720.0,0.0,5,0,0,1957380.0,Creciente,0,2026-09-16T00:42:16.841463+00:00
4,23/01/2026 8:14,6583014,10,48,Empleado,11654400.0,3389000,643108,95.227787,889.0,5,2,0.0,21345.0,21345.0,0.0,3,0,0,8804656.0,Creciente,1,2026-09-16T00:42:16.841463+00:00
9,1/03/2026 17:45,2060920,9,34,Independiente,2672000.0,88000,204658,95.227787,731.0,3,1,0.0,834.0,834.0,0.0,0,0,2,,,1,2026-09-16T00:42:16.841463+00:00
4,1/02/2025 15:54,1079880,6,52,Independiente,6400000.0,550000,160392,95.227787,795.0,3,4,0.0,13744.0,607.0,0.0,0,0,1,,,0,2026-09-16T00:42:16.841463+00:00
4,26/03/2025 16:48,3025920,24,40,Empleado,8800000.0,2000000,132890,95.227787,796.0,6,7,0.0,57964.0,57964.0,0.0,5,0,0,5689769.0,Creciente,1,2026-09-16T00:42:16.841463+00:00
4,8/01/2025 16:30,1420680,12,59,Empleado,1920000.0,600000,98658,95.227787,813.0,0,0,0.0,0.0,,,0,0,0,834192.0,Creciente,1,2026-09-16T00:42:16.841463+00:00
9,7/08/2025 17:41,1581631,5,49,Empleado,4800000.0,1200000,257260,95.227787,879.0,3,3,0.0,43122.0,43122.0,0.0,3,0,0,1941742.0,Creciente,1,2026-09-16T00:42:16.841463+00:00
4,4/02/2025 13:20,1236000,12,34,Empleado,6240000.0,500000,97387,95.227787,784.0,11,6,0.0,44840.0,44840.0,0.0,8,0,2,250625.0,Creciente,0,2026-09-16T00:42:16.841463+00:00
4,15/01/2025 12:32,1079880,12,31,Independiente,4800000.0,600000,74992,95.227787,748.0,1,6,0.0,0.0,0.0,0.0,0,0,0,916148.0,Creciente,0,2026-09-16T00:42:16.841463+00:00
4,10/10/2025 11:04,2178000,6,34,Empleado,3104000.0,358000,331740,95.227787,799.0,5,2,0.0,3952.0,3952.0,0.0,4,0,0,1200000.0,Decreciente,1,2026-09-16T00:42:16.841463+00:00
4,21/02/2025 13:33,7440000,12,36,Independiente,14400000.0,3500000,584519,95.227787,736.0,4,3,0.0,3248.0,3248.0,0.0,0,0,2,908526.0,Estable,0,2026-09-16T00:42:16.841463+00:00
9,26/03/2025 10:59,1422139,11,67,Empleado,8000000.0,1000000,110836,95.227787,830.0,10,4,0.0,24665.0,24665.0,0.0,8,0,1,,,1,2026-09-16T00:42:16.841463+00:00
4,30/09/2025 11:54,3777480,18,36,Empleado,2848000.0,0,174883,95.227787,814.0,2,4,0.0,0.0,0.0,0.0,0,0,1,1041745.0,Decreciente,1,2026-09-16T00:42:16.841463+00:00
4,28/11/2024 13:49,1284000,12,64,Independiente,1920000.0,500000,100793,95.227787,800.0,7,5,0.0,8255.0,8255.0,0.0,3,0,1,908526.0,Estable,0,2026-09-16T00:42:16.841463+00:00
4,5/09/2025 16:52,2400000,8,27,Independiente,2064000.0,128000,278338,95.227787,731.0,4,4,0.0,4379.0,4379.0,0.0,0,1,0,977131.0,Creciente,1,2026-09-16T00:42:16.841463+00:00
4,15/04/2025 11:43,2419200,10,61,Independiente,4800000.0,0,224179,95.227787,835.0,3,1,0.0,1879.0,1879.0,0.0,2,0,0,,,1,2026-09-16T00:42:16.841463+00:00
4,27/01/2025 17:50,1299600,12,58,Independiente,5600000.0,900000,102398,95.227787,840.0,3,2,0.0,0.0,0.0,0.0,0,0,1,1000000.0,Creciente,1,2026-09-16T00:42:16.841463+00:00
4,25/03/2025 16:07,2119200,12,58,Independiente,3200000.0,350000,166480,95.227787,765.0,6,4,0.0,3365.0,3365.0,0.0,2,0,0,,,1,2026-09-16T00:42:16.841463+00:00
4,14/01/2025 14:09,1194960,6,43,Empleado,6400000.0,1500000,165967,95.227787,835.0,10,14,0.0,119121.0,119121.0,0.0,8,0,0,788966.0,Creciente,0,2026-09-16T00:42:16.841463+00:00
4,19/12/2025 10:36,4270560,36,39,Empleado,18540800.0,5055000,157015,95.227787,774.0,9,5,0.0,130721.0,130721.0,0.0,9,0,0,11004988.0,Creciente,1,2026-09-16T00:42:16.841463+00:00
9,26/04/2025 8:17,869060,10,36,Empleado,3200000.0,800000,73903,95.227787,752.0,4,5,0.0,7713.0,7713.0,0.0,3,0,1,1613187.0,Creciente,0,2026-09-16T00:42:16.841463+00:00
9,27/04/2025 17:38,2456198,9,40,Empleado,4000000.0,1000000,229937,95.227787,706.0,5,15,0.0,17205.0,17205.0,0.0,3,1,1,933818.0,Creciente,0,2026-09-16T00:42:16.841463+00:00
4,10/08/2025 14:28,996072,6,46,Empleado,5440000.0,1000000,147687,95.227787,778.0,6,4,0.0,213981.0,213981.0,0.0,4,0,0,965763.0,Creciente,1,2026-09-16T00:42:16.841463+00:00
9,31/05/2025 12:32,821208,2,52,Independiente,8000000.0,2000000,324034,95.227787,799.0,8,6,0.0,100934.0,100934.0,0.0,5,0,2,,,1,2026-09-16T00:42:16.841463+00:00
9,4/12/2024 9:15,808964,2,33,Independiente,6400000.0,2000000,318735,95.227787,805,22,2,0,322660,128033,0,6,8,10,,,1,2026-09-16T00:42:16.841463+00:00
4,6/02/2025 11:18,3096000,6,34,Independiente,5120000.0,1500000,459840,95.227787,726.0,8,2,0.0,28056.0,20159.0,0.0,4,2,0,,,1,2026-09-16T00:42:16.841463+00:00
4,3/05/2025 10:46,1848000,6,39,Independiente,3200000.0,800000,274744,95.227787,810.0,5,4,0.0,41545.0,23775.0,0.0,0,2,2,933473.0,Creciente,1,2026-09-16T00:42:16.841463+00:00
4,7/08/2025 16:36,2311200,6,26,Empleado,1429062.4000000001,2284000,346134,95.227787,696.0,8,9,0.0,10046.0,10046.0,0.0,3,0,2,1660746.0,Creciente,0,2026-09-16T00:42:16.841463+00:00
6,11/05/2025 12:03,2400000,6,63,Empleado,3200000.0,0,359987,95.227787,874.0,2,0,0.0,159.0,159.0,0.0,2,0,0,,,0,2026-09-16T00:42:16.841463+00:00
4,7/01/2025 17:46,1271400,12,30,Empleado,24000000.0,0,88292,95.227787,770.0,5,25,0.0,7716.0,7609.0,0.0,4,0,0,1000000.0,Estable,0,2026-09-16T00:42:16.841463+00:00
4,31/03/2025 12:31,2244000,18,25,Empleado,8000000.0,2000000,124495,95.227787,725.0,5,5,0.0,10181.0,10181.0,0.0,2,1,1,1819875.0,Creciente,0,2026-09-16T00:42:16.841463+00:00
4,8/06/2025 9:44,630000,6,48,Independiente,4000000.0,300000,94703,95.227787,827.0,3,4,0.0,2028.0,2028.0,0.0,2,0,0,954263.0,Creciente,1,2026-09-16T00:42:16.841463+00:00
4,7/04/2025 9:56,2645280,12,52,Independiente,4000000.0,600000,208169,95.227787,823.0,2,2,0.0,9818.0,8262.0,0.0,1,0,1,,,0,2026-09-16T00:42:16.841463+00:00
4,6/04/2025 8:13,613522,12,45,Empleado,19200000.0,7000000,48638,95.227787,889.0,10,4,0.0,148334.0,148334.0,0.0,9,0,0,15909205.0,Creciente,1,2026-09-16T00:42:16.841463+00:00
4,13/02/2025 14:27,600000,12,41,Empleado,3840000.0,400000,47135,91.028987,786.0,5,15,0.0,6088.0,6088.0,0.0,2,0,2,916667.0,Estable,0,2026-09-16T00:42:16.841463+00:00
4,23/01/2025 18:04,2795460,24,44,Empleado,3200000.0,500000,121775,95.227787,816.0,13,10,0.0,16483.0,16483.0,0.0,7,0,4,2479778.0,Creciente,0,2026-09-16T00:42:16.841463+00:00
4,18/08/2025 17:36,3132000,6,48,Independiente,1453641.6,4275000,471471,95.227787,765.0,9,2,0.0,69120.0,66476.0,0.0,2,1,0,966736.0,Creciente,1,2026-09-16T00:42:16.841463+00:00
4,25/09/2025 16:27,1419600,6,34,Independiente,6032000.0,6209000,215492,95.227787,767.0,13,3,0.0,208138.0,208138.0,0.0,7,0,3,,,1,2026-09-16T00:42:16.841463+00:00
9,23/05/2025 10:44,1498992,7,47,Independiente,6400000.0,2000000,177228,95.227787,831.0,6,10,0.0,79427.0,79427.0,0.0,4,0,1,946640.0,Creciente,0,2026-09-16T00:42:16.841463+00:00
4,21/06/2025 11:01,3104640,6,45,Independiente,24000000.0,6000000,463417,95.227787,757.0,6,10,0.0,98485.0,98485.0,0.0,5,0,1,954263.0,Creciente,0,2026-09-16T00:42:16.841463+00:00
4,3/12/2024 18:22,3479760,18,69,Empleado,6688000.0,750000,192253,95.227787,892.0,5,5,0.0,41695.0,41695.0,0.0,3,0,0,4149973.0,Estable,1,2026-09-16T00:42:16.841463+00:00
4,11/06/2025 17:09,2076840,12,42,Independiente,8000000.0,800000,163571,95.227787,780.0,7,6,0.0,92711.0,92711.0,0.0,4,0,0,,,1,2026-09-16T00:42:16.841463+00:00
4,15/08/2025 14:48,1728000,8,30,Empleado,7458041.600000001,930000,200403,95.227787,814.0,4,2,0.0,24758.0,24758.0,0.0,3,0,0,4592592.0,Creciente,1,2026-09-16T00:42:16.841463+00:00
9,7/12/2024 10:26,1714744,9,43,Independiente,4800000.0,1200000,159912,72.686129,802.0,8,2,0.0,4293.0,4293.0,0.0,2,0,3,778674.0,Decreciente,0,2026-09-16T00:42:16.841463+00:00
4,19/01/2026 17:02,654000,12,41,Empleado,4769600.0,1725000,54500,95.227787,676.0,4,9,0.0,28117.0,28117.0,0.0,2,0,1,2891523.0,Decreciente,0,2026-09-16T00:42:16.841463+00:00
4,23/01/2025 11:34,1642680,12,62,Empleado,7416000.0,2000000,114075,95.227787,774.0,10,4,0.0,11225.0,11225.0,0.0,5,0,5,5035506.0,Creciente,1,2026-09-16T00:42:16.841463+00:00
4,22/05/2025 12:36,1200000,6,61,Empleado,4000000.0,1000000,178395,95.227787,836.0,4,4,0.0,17848.0,17848.0,0.0,1,2,0,2055472.0,Creciente,1,2026-09-16T00:42:16.841463+00:00
4,25/02/2025 11:24,2160000,18,53,Empleado,10400000.0,2000000,120047,95.227787,791.0,12,6,0.0,169813.0,162799.0,0.0,9,0,1,6500000.0,Creciente,1,2026-09-16T00:42:16.841463+00:00
4,19/09/2025 15:46,1154160,6,27,Empleado,2848000.0,480000,174321,95.227787,759.0,9,7,0.0,4267.0,4267.0,0.0,3,0,4,1337560.0,Creciente,1,2026-09-16T00:42:16.841463+00:00
9,14/03/2025 12:38,1489774,9,63,Empleado,5280000.0,1000000,139265,95.227787,860.0,3,2,0.0,0.0,0.0,0.0,2,0,0,923771.0,Creciente,1,2026-09-16T00:42:16.841463+00:00
4,31/01/2025 12:27,857628,6,64,Empleado,1600000.0,324000,127584,95.227787,868.0,6,0,0.0,8059.0,8059.0,0.0,4,0,1,908526.0,Estable,1,2026-09-16T00:42:16.841463+00:00
9,26/02/2025 11:33,1607935,10,38,Empleado,19200000.0,7000000,136521,95.227787,753.0,3,1,0.0,0.0,0.0,0.0,0,0,1,6299188.0,Creciente,1,2026-09-16T00:42:16.841463+00:00
4,14/01/2025 17:47,3170040,12,37,Empleado,4000000.0,400000,220142,95.227787,775.0,5,1,0.0,67.0,67.0,0.0,2,0,0,1446083.0,Creciente,1,2026-09-16T00:42:16.841463+00:00
4,23/02/2025 15:08,12480000,6,42,Independiente,22400000.0,4000000,1853620,95.227787,708.0,5,5,0.0,39944.0,39944.0,0.0,3,0,0,908526.0,Estable,0,2026-09-16T00:42:16.841463+00:00
4,25/10/2025 8:35,3596579,6,29,Empleado,3504000.0,516000,543950,95.227787,811.0,5,7,0.0,4354.0,4354.0,0.0,3,0,1,1478197.0,Creciente,1,2026-09-16T00:42:16.841463+00:00
4,23/01/2025 12:18,1473360,12,24,Empleado,2720000.0,1000000,115602,95.227787,786.0,5,3,0.0,11823.0,11823.0,0.0,2,0,2,1196182.0,Creciente,1,2026-09-16T00:42:16.841463+00:00
4,26/02/2025 15:48,2848800,12,45,Empleado,10400000.0,500000,223814,95.227787,791.0,6,6,0.0,10206.0,10206.0,0.0,3,0,0,6273939.0,Creciente,1,2026-09-16T00:42:16.841463+00:00
4,29/06/2025 12:48,628560,6,53,Independiente,9600000.0,3000000,93188,95.227787,716.0,29,8,0.0,41923.0,41923.0,0.0,6,0,21,,,0,2026-09-16T00:42:16.841463+00:00
4,27/12/2024 18:11,1398000,6,49,Empleado,2560000.0,500000,207120,95.227787,820.0,3,3,0.0,0.0,0.0,0.0,0,0,0,908526.0,Estable,1,2026-09-16T00:42:16.841463+00:00
4,20/12/2024 14:15,4680000,6,40,Empleado,4800000.0,1500000,693362,95.227787,786.0,4,1,0.0,6839.0,6839.0,0.0,0,0,1,908526.0,Estable,1,2026-09-16T00:42:16.841463+00:00
4,30/08/2025 14:45,840000,6,35,Independiente,3584000.0,1183000,126872,53.364705,790.0,7,3,0.0,45702.0,18170.0,0.0,2,2,2,1068541.0,Decreciente,1,2026-09-16T00:42:16.841463+00:00
4,16/09/2025 15:58,3600000,36,35,Empleado,3344000.0,1020000,129370,95.227787,720.0,10,16,0.0,26103.0,26103.0,0.0,6,1,2,2119233.0,Creciente,0,2026-09-16T00:42:16.841463+00:00
9,20/12/2024 10:03,1036589,9,49,Independiente,5440000.0,1400000,96808,95.227787,775.0,5,3,0.0,38919.0,0.0,0.0,1,0,0,1431616.0,Decreciente,1,2026-09-16T00:42:16.841463+00:00
4,26/02/2025 13:36,3147480,6,45,Independiente,6400000.0,180000,467806,95.227787,827.0,3,7,0.0,49.0,49.0,0.0,0,0,2,908526.0,Creciente,0,2026-09-16T00:42:16.841463+00:00
4,21/04/2025 19:18,5288642,6,51,Empleado,6720000.0,1200000,785508,95.227787,744.0,9,5,0.0,87966.0,25365.0,0.0,5,0,1,4506137.0,Creciente,1,2026-09-16T00:42:16.841463+00:00
4,17/12/2024 14:38,916320,8,24,Empleado,2400000.0,500000,103930,95.227787,784.0,2,4,0.0,465.0,465.0,0.0,0,1,1,1224798.0,Creciente,1,2026-09-16T00:42:16.841463+00:00
9,30/04/2025 13:15,2503241,10,45,Independiente,5600000.0,1255550,212871,95.227787,854.0,3,2,0.0,3789.0,3789.0,0.0,1,0,1,939017.0,Creciente,0,2026-09-16T00:42:16.841463+00:00
9,6/02/2025 14:13,1909852,9,30,Empleado,6400000.0,2000000,178364,95.227787,788.0,5,4,0.0,1537.0,1537.0,0.0,4,0,0,1498698.0,Creciente,1,2026-09-16T00:42:16.841463+00:00
4,29/07/2025 13:56,4260360,12,29,Independiente,1600000.0,557000,342911,95.227787,778.0,4,2,0.0,11552.0,11552.0,0.0,1,0,1,963410.0,Creciente,1,2026-09-16T00:42:16.841463+00:00
4,17/01/2025 9:08,1247460,12,36,Empleado,3200000.0,500000,97697,95.227787,848.0,4,5,0.0,273.0,273.0,0.0,2,0,1,1335287.0,Creciente,1,2026-09-16T00:42:16.841463+00:00
9,2/11/2025 12:17,7960772,5,122,Empleado,257290147.20000002,5297882,1314842,95.227787,0.0,0,0,,,,,0,0,0,,,0,2026-09-16T00:42:16.841463+00:00
4,22/08/2025 10:53,5625000,6,51,Independiente,9104000.0,1997000,846667,83.231214,855.0,4,2,0.0,16808.0,16808.0,0.0,2,0,1,1583333.0,Creciente,1,2026-09-16T00:42:16.841463+00:00
4,21/12/2024 11:09,1399200,24,67,Empleado,4000000.0,800000,61229,95.227787,805.0,2,3,0.0,17351.0,17351.0,0.0,1,0,0,1540359.0,Estable,1,2026-09-16T00:42:16.841463+00:00
4,31/12/2024 16:52,1564680,12,37,Empleado,2400000.0,350000,108658,95.227787,801,12,0,0,62403,62403,,2,0,8,,,1,2026-09-16T00:42:16.841463+00:00
4,4/05/2025 14:01,3100260,6,23,Independiente,6400000.0,2000000,460892,95.227787,750.0,5,2,0.0,53690.0,53690.0,0.0,3,0,1,733333.0,Estable,1,2026-09-16T00:42:16.841463+00:00
4,23/01/2025 15:31,1235880,8,37,Empleado,2400000.0,600000,140168,95.227787,756.0,2,2,0.0,692.0,692.0,0.0,0,0,0,726821.0,Creciente,1,2026-09-16T00:42:16.841463+00:00
4,18/03/2025 15:59,14400000,6,36,Empleado,16000000.0,2000000,2140141,95.227787,790.0,11,10,0.0,63401.0,63401.0,0.0,6,0,3,4123560.0,Decreciente,0,2026-09-16T00:42:16.841463+00:00
9,3/11/2025 11:04,6890785,5,51,Empleado,21056000.0,3557000,1138117,95.227787,838.0,6,4,0.0,154373.0,154373.0,0.0,6,0,0,6850909.0,Creciente,1,2026-09-16T00:42:16.841463+00:00
4,18/08/2025 15:40,1200000,6,65,Empleado,7160088.0,0,180622,95.227787,871.0,2,4,0.0,0.0,0.0,0.0,1,0,0,4475055.0,Decreciente,1,2026-09-16T00:42:16.841463+00:00
4,26/12/2024 12:23,1680000,6,58,Empleado,6400000.0,1500000,249430,95.227787,859.0,10,1,0.0,183295.0,156926.0,0.0,3,4,3,,,1,2026-09-16T00:42:16.841463+00:00
4,1/03/2025 16:30,1330680,12,69,Empleado,4800000.0,1000000,104544,95.227787,860.0,4,1,0.0,9951.0,9951.0,0.0,2,0,0,4059489.0,Decreciente,1,2026-09-16T00:42:16.841463+00:00
9,20/03/2025 11:42,1604400,2,28,Independiente,8000000.0,2000000,632696,95.227787,664.0,30,3,0.0,42145.0,42145.0,0.0,25,0,3,3271433.0,Creciente,1,2026-09-16T00:42:16.841463+00:00
9,30/01/2025 16:02,1796947,10,25,Independiente,4800000.0,1500000,152409,95.227787,790.0,2,2,0.0,459.0,459.0,0.0,0,0,1,,,0,2026-09-16T00:42:16.841463+00:00
9,26/06/2025 16:29,1429648,10,45,Empleado,4800000.0,1600000,121766,95.227787,786.0,7,3,0.0,110749.0,110749.0,0.0,1,2,1,693447.0,Creciente,1,2026-09-16T00:42:16.841463+00:00
4,12/04/2025 18:25,5451720,18,39,Empleado,3840000.0,500000,301739,95.227787,708.0,2,1,0.0,50000.0,50000.0,0.0,1,0,0,2067940.0,Creciente,0,2026-09-16T00:42:16.841463+00:00
4,17/02/2026 16:49,1310400,6,38,Independiente,3580800.0,510000,201227,95.227787,735.0,6,7,0.0,3471.0,3471.0,0.0,0,0,4,,,0,2026-09-16T00:42:16.841463+00:00
4,29/12/2025 17:08,3255720,20,53,Empleado,8128000.0,420000,179532,95.227787,852.0,2,0,0.0,608.0,608.0,0.0,2,0,0,,,1,2026-09-16T00:42:16.841463+00:00
4,25/09/2025 18:58,574560,6,55,Independiente,5232000.0,908000,86346,95.227787,753.0,9,5,0.0,30551.0,30551.0,0.0,4,0,3,,,1,2026-09-16T00:42:16.841463+00:00
9,22/05/2025 11:46,1604400,2,42,Independiente,6400000.0,2000000,633067,95.227787,782.0,4,5,0.0,10609.0,10609.0,0.0,1,0,2,,,0,2026-09-16T00:42:16.841463+00:00
9,15/03/2026 14:26,1216558,10,23,Empleado,2708800.0,0,109061,95.227787,737.0,0,2,0.0,0.0,,,0,0,0,,,1,2026-09-16T00:42:16.841463+00:00
